603687.SH	1740
603301.SH	2055
605168.SH	1538
603260.SH	2165
605009.SH	1464
002671.SZ	3401
688025.SH	1677
002296.SZ	3978
000827.SZ	1578
603555.SH	2384
002025.SZ	5148
688296.SH	1254
002144.SZ	4607
600837.SH	6850
600956.SH	1518
688671.SH	761
688710.SH	501
300417.SZ	2838
301590.SZ	322
300576.SZ	2363
301016.SZ	1263
301177.SZ	1160
300191.SZ	3676
000068.SZ	6476
300243.SZ	3523
300322.SZ	3218
600078.SH	6951
600119.SH	6867
601518.SH	3965
000880.SZ	6616
603115.SH	1730
688350.SH	1368
002082.SZ	4432
688231.SH	1015
600890.SH	5596
002504.SZ	2741
002465.SZ	3755
300979.SZ	1316
002350.SZ	3994
300818.SZ	1610
688082.SH	1179
002231.SZ	4184
000428.SZ	7103
000549.SZ	3089
301363.SZ	963
300385.SZ	2959
301202.SZ	785
601158.SH	3993
300762.SZ	1831
300603.SZ	2186
600559.SH	5508
600438.SH	5275
301456.SZ	778
300136.SZ	3789
300057.SZ	3828
301022.SZ	1261
600779.SH	7146
600618.SH	8180
300542.SZ	2423
300423.SZ	2553
001209.SZ	1256
001368.SZ	861
000608.SZ	6953
000769.SZ	1926
301717.SZ	35
300690.SZ	2219
300316.SZ	3393
300277.SZ	3527
301291.SZ	788
688170.SH	1071
688011.SH	1744
688597.SH	1282
002724.SZ	2822
002645.SZ	3429
603335.SH	2254
002597.SZ	3666
002170.SZ	4493
002011.SZ	5158
600962.SH	5232
600803.SH	7664
603400.SH	311
000813.SZ	6376
000972.SZ	5868
603186.SH	2364
300637.SZ	2300
300756.SZ	1878
301236.SZ	1102
002998.SZ	1454
301357.SZ	826
600258.SH	6005
600339.SH	6024
300063.SZ	3728
301085.SZ	1202
300102.SZ	3823
300484.SZ	2557
301503.SZ	777
002451.SZ	3776
002530.SZ	3654
688783.SH	226
688205.SH	1003
603121.SH	1860
603040.SH	2341
002205.SZ	4504
002364.SZ	3962
002783.SZ	2625
688530.SH	583
603392.SH	1556
601628.SH	4783
301413.SZ	673
300594.SZ	1764
600229.SH	6242
600348.SH	5561
300012.SZ	4010
300173.SZ	3480
301195.SZ	1009
002888.SZ	2227
301326.SZ	973
300727.SZ	2145
002693.SZ	3334
688420.SH	922
002274.SZ	4327
002315.SZ	4075
603665.SH	2320
603282.SH	859
003021.SZ	1410
688315.SH	1325
601952.SH	2278
002420.SZ	3949
688693.SH	744
002541.SZ	3798
605339.SH	1303
603150.SH	1133
605258.SH	1411
603031.SH	2444
000937.SZ	6466
000856.SZ	6695
688600.SH	1515
002054.SZ	4866
002135.SZ	4651
688386.SH	1445
600846.SH	7847
600927.SH	1154
603370.SH	256
603211.SH	1014
603797.SH	2299
688135.SH	1427
002386.SZ	3955
002600.SZ	3437
002761.SZ	2654
000019.SZ	7873
301633.SZ	460
300232.SZ	3623
300353.SZ	3057
600009.SH	6883
600168.SH	6620
301067.SZ	1215
300081.SZ	3770
301106.SZ	1119
300466.SZ	2399
300507.SZ	2522
600889.SH	7296
688228.SH	1568
688349.SH	1037
605365.SH	1259
000899.SZ	6853
002228.SZ	4313
300801.SZ	1657
002349.SZ	3815
300960.SZ	1335
603758.SH	2262
603639.SH	2357
600421.SH	4905
600540.SH	5371
601020.SH	2543
000550.SZ	7883
603822.SH	2442
600275.SH	4886
600692.SH	7909
001283.SZ	984
000682.SZ	6865
300367.SZ	1868
301381.SZ	780
300206.SZ	3747
300780.SZ	1779
301607.SZ	499
600708.SH	7233
600669.SH	2598
300533.SZ	2454
300452.SZ	2765
601268.SH	1036
301132.SZ	1002
301053.SZ	1228
000679.SZ	6973
000718.SZ	6742
001278.SZ	864
001319.SZ	1065
002101.SZ	4664
002060.SZ	4826
600872.SH	7544
688755.SH	336
002487.SZ	3853
000862.SZ	6329
000903.SZ	6442
603096.SH	2291
002755.SZ	2729
002634.SZ	3575
688101.SH	1666
688060.SH	1509
603225.SH	2296
603344.SH	613
603730.SH	2211
688192.SH	1163
300908.SZ	1419
002321.SZ	4007
002240.SZ	4167
300869.SZ	1478
688575.SH	1305
603583.SH	1942
000990.SZ	6040
603005.SH	3072
002575.SZ	3297
002414.SZ	3844
002192.SZ	4434
688321.SH	1729
003015.SZ	1442
600980.SH	5361
601966.SH	2466
300147.SZ	3811
300026.SZ	3986
000538.SZ	7719
300713.SZ	2163
300672.SZ	2215
600528.SH	6019
600449.SH	5478
301312.SZ	1024
301273.SZ	954
300295.SZ	3385
300870.SZ	1478
002259.SZ	4168
300911.SZ	1411
002338.SZ	3999
603729.SH	2710
603648.SH	2193
600999.SH	4077
688259.SH	1141
688338.SH	1490
000989.SZ	6208
600782.SH	7028
600365.SH	5907
000792.SZ	6442
001393.SZ	94
600531.SH	5794
000521.SZ	7888
000155.SZ	5639
000034.SZ	7101
300799.SZ	1135
600145.SH	4081
002836.SZ	2356
002957.SZ	1740
301398.SZ	917
001300.SZ	958
000701.SZ	7103
000660.SZ	1793
688836.SH	35
600297.SH	5428
601696.SH	1600
600670.SH	2618
600711.SH	6948
603468.SH	36
002079.SZ	4753
002118.SZ	3884
605055.SH	1371
688079.SH	1354
688118.SH	1653
300982.SZ	1315
000611.SZ	5729
001210.SZ	1252
600601.SH	8631
600760.SH	7029
601200.SH	2306
600387.SH	5013
000045.SZ	7532
600055.SH	6900
002847.SZ	2343
301288.SZ	1074
002926.SZ	2096
300689.SZ	2218
300892.SZ	1455
688008.SH	1744
688169.SH	1603
603578.SH	2313
002008.SZ	5324
002169.SZ	4528
600351.SH	5738
600230.SH	6301
000515.SZ	3216
603867.SH	1761
603906.SH	2302
600505.SH	5804
601065.SH	842
600083.SH	6013
002891.SZ	2198
300925.SZ	1392
300844.SZ	1241
688558.SH	1518
688439.SH	991
603028.SH	2530
002558.SZ	3414
002439.SZ	3703
003038.SZ	1363
603816.SH	2416
603977.SH	2311
000405.SZ	1672
000564.SZ	7369
600193.SH	6307
002981.SZ	1564
600415.SH	5794
688981.SH	1500
600320.SH	6175
600241.SH	5994
603059.SH	2082
603138.SH	2325
002529.SZ	3696
002448.SZ	3923
688529.SH	1430
688448.SH	973
300835.SZ	1541
002709.SZ	3055
002668.SZ	3286
603279.SH	1739
603318.SH	2600
688709.SH	638
688668.SH	1400
300188.SZ	3673
301589.SZ	636
600754.SH	7046
600635.SH	8062
000625.SZ	6857
600486.SH	5875
600100.SH	6859
600061.SH	6921
002912.SZ	2149
002873.SZ	2264
603885.SH	2745
688778.SH	1248
688619.SH	1360
002778.SZ	2540
002619.SZ	2162
603208.SH	2341
603369.SH	2973
605100.SH	1488
600171.SH	6679
600010.SH	6083
002963.SZ	1680
002802.SZ	2490
600596.SH	5999
603995.SH	1639
000586.SZ	6967
301499.SZ	773
600725.SH	6883
600644.SH	8014
300098.SZ	3709
688802.SH	190
000735.SZ	7008
001255.SZ	966
001312.SZ	109
000713.SZ	6934
000672.SZ	5552
301058.SZ	1222
301139.SZ	1024
600285.SH	6194
300459.SZ	2546
300538.SZ	2448
600662.SH	7956
600703.SH	6969
000026.SZ	7993
600036.SH	5869
600157.SH	6320
002824.SZ	2357
002945.SZ	1866
300990.SZ	1307
000908.SZ	6253
000869.SZ	6228
600879.SH	7324
600918.SH	1534
600126.SH	6787
002855.SZ	2314
000762.SZ	6942
000603.SZ	6461
001202.SZ	1313
300428.SZ	2633
300549.SZ	2425
600613.SH	7992
600772.SH	2351
301029.SZ	1256
301148.SZ	1067
601212.SH	2295
600395.SH	6011
000979.SZ	4014
000818.SZ	6472
600808.SH	7877
600969.SH	5411
300880.SZ	1472
300813.SZ	1625
688089.SH	1631
300972.SZ	1321
002089.SZ	3933
605377.SH	1394
600267.SH	6237
600306.SH	5364
601666.SH	4811
600680.SH	5902
000690.SZ	7076
600433.SH	5331
600552.SH	5473
300608.SZ	2340
300769.SZ	1810
301209.SZ	991
301368.SZ	917
000542.SZ	2459
000423.SZ	7151
002199.SZ	4319
603588.SH	2752
300862.SZ	1469
688199.SH	1674
300903.SZ	1431
301278.SZ	1006
301319.SZ	967
600523.SH	5862
300679.SZ	2215
300718.SZ	2160
603920.SH	2287
000533.SZ	7666
600790.SH	6939
600216.SH	6451
600377.SH	6155
000780.SZ	5830
600112.SH	6193
600073.SH	6933
002900.SZ	2186
300329.SZ	3437
002861.SZ	2297
300248.SZ	3537
603897.SH	2052
000063.SZ	6840
601226.SH	2866
600746.SH	7128
600627.SH	3808
001236.SZ	1005
000637.SZ	7156
000756.SZ	6920
600737.SH	7184
600656.SH	5432
601336.SH	3562
000727.SZ	6901
001326.SZ	700
600163.SH	6625
600002.SH	1946
300358.SZ	2959
002971.SZ	1626
300239.SZ	3622
002810.SZ	2448
600584.SH	5357
301638.SZ	210
603987.SH	2394
000012.SZ	8303
000594.SZ	4296
000507.SZ	8035
600517.SH	5394
600476.SH	5471
601116.SH	3767
600091.SH	5791
601077.SH	1679
002883.SZ	2238
300178.SZ	2664
300019.SZ	4027
600343.SH	5631
600222.SH	6364
301418.SZ	752
688698.SH	1394
601838.SH	2099
603289.SH	2164
605566.SH	1197
300937.SZ	1373
300856.SZ	1501
002698.SZ	3390
301508.SZ	684
301469.SZ	751
300109.SZ	3552
300068.SZ	3892
600332.SH	5986
600253.SH	2842
000417.SZ	7238
000576.SZ	7579
600181.SH	1831
601006.SH	4877
002993.SZ	1483
600566.SH	5915
603399.SH	3212
002788.SZ	2574
300946.SZ	1365
300827.SZ	1554
605222.SH	1494
601928.SH	3546
688788.SH	1442
688516.SH	1544
002342.SZ	4016
688090.SH	1607
002223.SZ	4400
000892.SZ	5919
603066.SH	2663
603107.SH	706
002090.SZ	4660
688223.SH	1131
600882.SH	7153
002516.SZ	3797
002477.SZ	2051
000689.SZ	1293
001288.SZ	1192
600699.SH	7501
301525.SZ	745
601298.SH	1858
300124.SZ	3865
300045.SZ	3998
603829.SH	2174
603948.SH	1597
300397.SZ	2889
301371.SZ	766
301210.SZ	788
300770.SZ	1806
300611.SZ	2335
000982.SZ	5005
603017.SH	2785
603176.SH	1148
002567.SZ	3543
002406.SZ	3945
002180.SZ	4241
688333.SH	1744
688252.SH	969
003007.SZ	1456
600992.SH	5402
603722.SH	2161
688180.SH	1506
002333.SZ	4020
002252.SZ	3944
688567.SH	1498
603858.SH	2395
603939.SH	2705
300701.SZ	2191
300660.SZ	2256
301686.SZ	18
301300.SZ	995
300287.SZ	3421
301261.SZ	782
000799.SZ	6841
601388.SH	3354
300155.SZ	3786
300034.SZ	3970
600789.SH	7108
300521.SZ	2461
300440.SZ	2645
301120.SZ	1079
301041.SZ	1243
301393.SZ	780
300375.SZ	3034
300214.SZ	3679
300792.SZ	1696
002747.SZ	2744
002626.SZ	3530
688113.SH	1311
300989.SZ	1310
688072.SH	1068
603237.SH	987
603356.SH	2094
002113.SZ	3465
002072.SZ	4297
600901.SH	2083
600860.SH	7589
601886.SH	3635
002495.SZ	3851
688626.SH	1334
001896.SZ	6697
000911.SZ	6487
300682.SZ	2173
300304.SZ	3502
301283.SZ	985
300265.SZ	3518
301151.SZ	1085
301030.SZ	1256
300550.SZ	2413
300431.SZ	1114
002585.SZ	3713
688657.SH	722
002162.SZ	4483
002003.SZ	5247
600970.SH	5080
601996.SH	3539
600811.SH	7419
000801.SZ	6745
000960.SZ	6293
603194.SH	427
688162.SH	1185
300899.SZ	1443
688003.SH	1744
688585.SH	1440
002736.SZ	2838
002657.SZ	3474
603327.SH	1785
301255.SZ	909
600088.SH	6941
300654.SZ	2184
300735.SZ	2121
301560.SZ	347
300586.SZ	2271
301187.SZ	1076
300161.SZ	3600
003033.SZ	1385
688266.SH	1618
688307.SH	878
002432.SZ	3913
688681.SH	1284
002553.SZ	3661
603023.SH	2733
002681.SZ	3325
688432.SH	943
688553.SH	1197
002266.SZ	4244
002307.SZ	4068
603716.SH	2397
603677.SH	2340
605198.SH	1459
603290.SH	1616
301097.SZ	1087
300071.SZ	3425
300110.SZ	3668
300496.SZ	2562
301511.SZ	754
300625.SZ	2316
601599.SH	3559
301345.SZ	855
600198.SH	6488
002217.SZ	4303
002376.SZ	3937
688443.SH	795
688522.SH	860
603380.SH	2252
002791.SZ	2552
605088.SH	1483
603767.SH	2259
603606.SH	2899
002443.SZ	3687
002522.SZ	3802
003042.SZ	1330
688217.SH	1304
688376.SH	936
603133.SH	1770
603052.SH	964
000835.SZ	5183
002037.SZ	5105
002156.SZ	4534
600825.SH	7738
688663.SH	1326
688702.SH	735
603313.SH	2421
603272.SH	1058
002663.SZ	3301
002702.SZ	3333
688037.SH	1642
002284.SZ	4106
688156.SH	1457
300251.SZ	3563
002878.SZ	2260
300330.SZ	2559
002919.SZ	2128
300405.SZ	2810
300564.SZ	1671
301004.SZ	1276
300183.SZ	3688
301165.SZ	935
603203.SH	2403
688046.SH	1075
688127.SH	1458
002394.SZ	3981
002612.SZ	3459
002773.SZ	2736
603536.SH	2259
000925.SZ	5852
688612.SH	771
002046.SZ	5036
002127.SZ	4378
600854.SH	7437
600935.SH	1173
300093.SZ	3677
688809.SH	181
301075.SZ	1203
300474.SZ	2543
300515.SZ	2501
002809.SZ	2418
300220.SZ	3508
002968.SZ	1644
300341.SZ	3261
601456.SH	1474
600057.SH	6419
600136.SH	6278
002845.SZ	2348
000047.SZ	1848
301039.SZ	1265
301158.SZ	1138
600385.SH	4436
300438.SZ	2730
300559.SZ	2408
600603.SH	7944
600762.SH	2266
001373.SZ	807
001212.SZ	1233
000613.SZ	5524
600818.SH	7550
600979.SH	5181
000969.SZ	6245
300890.SZ	1460
300449.SZ	2682
300528.SZ	2462
600672.SH	2826
600713.SH	7244
301048.SZ	1238
301129.SZ	1191
600295.SH	5955
000703.SZ	6973
000662.SZ	5465
600026.SH	5755
002955.SZ	1781
000157.SZ	6160
000036.SZ	7614
300980.SZ	1319
605136.SH	1452
600869.SH	7490
600908.SH	2425
000918.SZ	5148
603598.SH	2576
605277.SH	1388
002189.SZ	4373
300872.SZ	1478
688189.SH	1568
300913.SZ	1409
000523.SZ	7774
600452.SH	5366
600533.SH	5773
300669.SZ	2247
300708.SZ	2175
301268.SZ	1087
301309.SZ	965
001391.SZ	423
000790.SZ	6756
600206.SH	6537
600367.SH	6155
601607.SH	7651
601766.SH	4301
600780.SH	6796
300803.SZ	1665
688099.SH	1731
300962.SZ	1327
603488.SH	2261
002099.SZ	4588
000680.SZ	7105
600690.SH	7816
601717.SH	3719
600277.SH	5462
600316.SH	6118
000552.SZ	7584
601022.SH	922
301219.SZ	1100
301378.SZ	856
600423.SH	5297
300618.SZ	2323
300779.SZ	1786
001257.SZ	123
001336.SZ	1014
000656.SZ	6726
000737.SZ	7015
688800.SH	1258
601326.SH	2213
600727.SH	6801
600646.SH	2456
000584.SZ	6740
603997.SH	2722
000002.SZ	8502
600594.SH	5413
301628.SZ	465
600173.SH	6280
600012.SH	5695
300348.SZ	3250
002961.SZ	1711
300229.SZ	3560
002800.SZ	2506
603887.SH	2342
600102.SH	3212
600063.SH	6979
002910.SZ	2162
300339.SZ	3298
002871.SZ	2280
300258.SZ	3661
000627.SZ	6754
001226.SZ	1037
600756.SH	7088
600637.SH	7744
601236.SH	1749
300119.SZ	3847
300078.SZ	3898
600322.SH	6010
600243.SH	6088
301518.SZ	764
301479.SZ	374
600576.SH	5230
600191.SH	6473
601177.SH	3873
601016.SH	2900
002983.SZ	1557
000407.SZ	7059
000566.SZ	7491
300956.SZ	1326
300837.SZ	1532
002798.SZ	2443
605081.SH	1305
603389.SH	2341
605507.SH	1250
688798.SH	1241
601106.SH	4025
600081.SH	7001
002893.SZ	2184
600507.SH	5475
600466.SH	5046
000517.SZ	7053
301569.SZ	18
301408.SZ	869
601633.SH	3616
300168.SZ	3576
300009.SZ	3968
600353.SH	5637
600232.SH	6164
601949.SH	2210
601828.SH	2103
002688.SZ	3371
300927.SZ	1387
300846.SZ	1516
603299.SH	2488
688323.SH	1314
002190.SZ	4307
003017.SZ	1439
600982.SH	5251
002577.SZ	3594
002416.SZ	3890
603007.SH	2425
603166.SH	2874
688577.SH	1462
688416.SH	990
002323.SZ	3609
688190.SH	1173
002242.SZ	4419
301310.SZ	806
300297.SZ	2619
300711.SZ	2163
300670.SZ	2149
301696.SZ	116
603848.SH	2141
603929.SH	2365
600799.SH	1957
601398.SH	4820
300145.SZ	3685
300024.SZ	4099
000789.SZ	6933
001388.SZ	304
002352.SZ	3983
002233.SZ	4408
688080.SH	1610
688506.SH	902
002506.SZ	3443
002467.SZ	3829
688352.SH	834
688233.SH	1603
002080.SZ	4667
600892.SH	6970
000882.SZ	6653
603076.SH	2155
603117.SH	2719
601288.SH	3932
300134.SZ	3488
300055.SZ	3959
600689.SH	7690
301535.SZ	367
001298.SZ	950
000699.SZ	2227
300760.SZ	1931
300601.SZ	2344
300387.SZ	2886
301361.SZ	938
301200.SZ	1113
603839.SH	2338
603958.SH	2466
300314.SZ	3491
301293.SZ	826
300275.SZ	3607
300692.SZ	2202
300540.SZ	2441
300421.SZ	2780
301141.SZ	846
301020.SZ	1269
000811.SZ	6724
000970.SZ	6330
603402.SH	177
002172.SZ	4505
002013.SZ	4347
600960.SH	5236
600801.SH	7875
002595.SZ	3702
688726.SH	468
603256.SH	1745
603337.SH	2352
002726.SZ	2906
688595.SH	1454
002647.SZ	3023
688172.SH	916
300889.SZ	1451
688013.SH	1453
301130.SZ	1116
301051.SZ	1231
300531.SZ	2456
300450.SZ	2615
300782.SZ	1768
301383.SZ	801
300365.SZ	3019
300204.SZ	3754
603227.SH	2706
688103.SH	1221
300999.SZ	1446
688062.SH	1137
002757.SZ	2668
002636.SZ	3482
688485.SH	895
000860.SZ	6664
000901.SZ	6433
688757.SH	370
688636.SH	1329
002485.SZ	3534
002103.SZ	4460
002062.SZ	4827
600870.SH	5775
300486.SZ	2584
301501.SZ	373
301087.SZ	1197
300061.SZ	3851
300100.SZ	3650
301234.SZ	1018
301355.SZ	800
600188.SH	6772
300635.SZ	2298
603777.SH	2422
603616.SH	2718
603390.SH	1660
605098.SH	1320
002781.SZ	1721
002207.SZ	4166
002366.SZ	3811
603123.SH	3421
603042.SH	2259
688207.SH	1100
688366.SH	1678
601921.SH	1256
002453.SZ	3711
002532.SZ	3703
688781.SH	128
000088.SZ	6920
300644.SZ	2092
300725.SZ	2151
600098.SH	6998
300010.SZ	3764
301197.SZ	1004
300171.SZ	3793
300596.SZ	2342
603033.SH	2308
002422.SZ	3936
688691.SH	600
002543.SZ	3767
003023.SZ	1405
688276.SH	1276
688317.SH	1380
605188.SH	1497
603280.SH	944
603706.SH	1996
603667.SH	2341
002276.SZ	4078
002317.SZ	4007
002691.SZ	3232
688543.SH	794
002602.SZ	3213
002763.SZ	2747
688056.SH	1471
002384.SZ	3789
688137.SH	967
603213.SH	1174
002056.SZ	4874
002137.SZ	4494
600844.SH	7491
600925.SH	849
688602.SH	775
000935.SZ	6135
300464.SZ	2565
300505.SZ	2557
300083.SZ	3840
688819.SH	1381
301065.SZ	1219
002819.SZ	2297
300230.SZ	3587
002978.SZ	1564
300351.SZ	3266
301631.SZ	449
688712.SH	156
002027.SZ	5235
002146.SZ	4589
600835.SH	7845
603557.SH	2199
000825.SZ	6597
002294.SZ	4135
688027.SH	1506
688146.SH	830
002673.SZ	3482
002712.SZ	2885
603303.SH	2307
603262.SH	288
603685.SH	2143
300241.SZ	3572
002868.SZ	2280
300320.SZ	3386
002909.SZ	2165
300193.SZ	3759
301175.SZ	1025
300415.SZ	2829
301592.SZ	470
000618.SZ	2148
000779.SZ	6861
001219.SZ	1199
001378.SZ	708
600769.SH	6990
600608.SH	8050
300552.SZ	2415
300433.SZ	2780
601368.SH	2739
301153.SZ	1061
301032.SZ	1257
300306.SZ	3424
300267.SZ	3477
301281.SZ	835
301707.SZ	35
300680.SZ	2145
301666.SZ	109
603325.SH	657
002734.SZ	2826
002655.SZ	3333
688160.SH	1426
688001.SH	1744
000803.SZ	6545
000962.SZ	6162
603196.SH	2248
002160.SZ	4346
002001.SZ	5352
600813.SH	2042
002587.SZ	3591
688655.SH	1300
300790.SZ	1701
301617.SZ	436
300377.SZ	3033
301391.SZ	927
300216.SZ	1817
001268.SZ	1031
001309.SZ	1030
000669.SZ	6884
000708.SZ	6969
601319.SH	1908
301122.SZ	1131
301043.SZ	1243
600718.SH	7257
600679.SH	7868
300523.SZ	2386
300442.SZ	2763
603500.SH	2200
000913.SZ	6525
603086.SH	2280
002497.SZ	3800
002111.SZ	4660
002070.SZ	2346
600903.SH	2147
600862.SH	7289
603235.SH	1023
688111.SH	1665
688070.SH	1363
002745.SZ	2610
002624.SZ	3237
688565.SH	1307
002331.SZ	3721
300918.SZ	1398
688182.SH	1181
002250.SZ	4410
300879.SZ	1472
002182.SZ	4556
688331.SH	1090
003005.SZ	1452
600990.SH	5255
002565.SZ	3698
002404.SZ	3933
000980.SZ	6117
603015.SH	2805
301556.SZ	475
300157.SZ	3569
300036.SZ	3986
301302.SZ	1036
301263.SZ	1092
300285.SZ	3436
601139.SH	4052
601058.SH	3667
300703.SZ	2185
300662.SZ	2214
600538.SH	5518
600459.SH	5606
000528.SZ	7892
002514.SZ	3600
002475.SZ	3864
688221.SH	1437
002092.SZ	4611
600880.SH	7166
601866.SH	4448
000890.SZ	6473
603105.SH	1996
300969.SZ	1326
002340.SZ	3962
300808.SZ	1656
002221.SZ	4453
688092.SH	1341
688475.SH	909
603630.SH	2320
300772.SZ	1795
300613.SZ	2325
600549.SH	5738
600428.SH	5768
301373.SZ	884
300395.SZ	2928
301212.SZ	1079
000559.SZ	7862
300126.SZ	3758
300047.SZ	3845
301446.SZ	771
002044.SZ	4830
688396.SH	1599
002125.SZ	4585
600856.SH	6415
688610.SH	776
000927.SZ	6441
002610.SZ	2891
002771.SZ	2687
002396.SZ	3744
603787.SH	2289
688125.SH	1081
603360.SH	2345
603201.SH	1010
605068.SH	1419
300222.SZ	3408
300343.SZ	3155
600019.SH	6098
600178.SH	6688
601579.SH	2917
000009.SZ	8398
300476.SZ	2741
300517.SZ	2476
301077.SZ	1209
300091.SZ	3856
301116.SZ	1137
002286.SZ	3987
688035.SH	975
002661.SZ	3461
002700.SZ	3382
603311.SH	2754
605178.SH	1465
603270.SH	743
603697.SH	1796
688661.SH	1336
688700.SH	1285
688286.SH	1488
002035.SZ	5263
002154.SZ	4616
600827.SH	7753
000956.SZ	1551
000837.SZ	6656
301006.SZ	1289
301167.SZ	1167
300181.SZ	3665
300407.SZ	2754
301580.SZ	549
300566.SZ	2388
300253.SZ	3600
300332.SZ	3228
600068.SH	5798
600109.SH	6887
000078.SZ	6626
301226.SZ	1094
002988.SZ	1546
300627.SZ	2314
300746.SZ	2008
601728.SH	1236
300494.SZ	2609
301513.SZ	111
600248.SH	5690
600329.SH	6084
300073.SZ	3868
301095.SZ	1005
300112.SZ	3715
605358.SH	1464
603131.SH	2415
603050.SH	2297
688215.SH	1474
003040.SZ	1340
601933.SH	3811
002441.SZ	3888
688793.SH	1263
002520.SZ	3631
603382.SH	317
688520.SH	1521
002793.SZ	2529
002215.SZ	4445
002374.SZ	3908
600239.SH	5947
600358.SH	5912
300002.SZ	3988
300163.SZ	3395
301185.SZ	1178
300584.SZ	2357
300656.SZ	2206
300737.SZ	2093
002898.SZ	2141
301257.SZ	1062
301336.SZ	1000
002264.SZ	4192
002305.SZ	4008
002683.SZ	3295
688551.SH	1466
603021.SH	2677
688683.SH	1327
002430.SZ	3934
002551.SZ	3632
003031.SZ	1380
688305.SH	1266
603739.SH	1867
603658.SH	2444
300860.SZ	1478
002249.SZ	4316
300901.SZ	1436
002328.SZ	3991
000999.SZ	6168
600989.SH	1790
688249.SH	826
688328.SH	1349
000782.SZ	6918
600375.SH	5395
601615.SH	1854
600792.SH	6897
000531.SZ	7746
603922.SH	2146
603843.SH	2321
600521.SH	5661
000889.SZ	6481
600899.SH	2130
688238.SH	1097
688359.SH	1300
603629.SH	1882
002238.SZ	4295
300811.SZ	1635
002359.SZ	2314
300970.SZ	1326
000540.SZ	6588
000421.SZ	7124
600550.SH	6036
000692.SZ	7024
600682.SH	7508
600265.SH	6137
600397.SH	5707
600611.SH	8246
600770.SH	7096
000760.SZ	5182
000601.SZ	7158
300699.SZ	2201
002857.SZ	2239
301298.SZ	1049
002936.SZ	1944
000055.SZ	7306
300882.SZ	1465
688018.SH	1744
688179.SH	1439
605155.SH	1391
002018.SZ	3365
002179.SZ	4577
603568.SH	2756
603409.SH	384
605287.SH	1269
600155.SH	6168
002826.SZ	2375
002947.SZ	1855
301388.SZ	943
300789.SZ	1717
000024.SZ	5246
601686.SH	1410
600660.SH	8031
600701.SH	5485
688826.SH	35
600287.SH	6232
000711.SZ	6589
001696.SZ	6839
000670.SZ	4869
002069.SZ	4666
002108.SZ	4718
603519.SH	2710
688069.SH	1501
688108.SH	1678
300992.SZ	1293
600405.SH	5394
600183.SH	6681
002991.SZ	1494
003816.SZ	1719
000415.SZ	6585
603806.SH	2911
603967.SH	1800
600330.SH	6052
600251.SH	5566
002539.SZ	3774
002458.SZ	3804
603049.SH	322
603128.SH	3368
300825.SZ	1578
688539.SH	837
688458.SH	816
600220.SH	5948
600093.SH	5897
002881.SZ	2252
600515.SH	5350
603877.SH	2357
603916.SH	2156
000505.SZ	7774
688548.SH	757
688429.SH	790
300935.SZ	1378
300854.SZ	1217
605183.SH	1409
003028.SZ	1394
002548.SZ	3701
002429.SZ	3859
603038.SH	2352
603159.SH	2451
688768.SH	1256
688609.SH	1340
603218.SH	2367
603379.SH	1818
002768.SZ	2730
002609.SZ	3646
000596.SZ	7061
603985.SH	2279
000010.SZ	6495
600586.SH	5784
600161.SH	6625
601187.SH	1438
600000.SH	6397
002973.SZ	1631
002812.SZ	2339
001324.SZ	815
000725.SZ	6106
300088.SZ	3512
301489.SZ	712
600735.SH	6755
600654.SH	8135
603269.SH	2270
603308.SH	3015
002719.SZ	2808
002678.SZ	3446
688719.SH	725
688678.SH	1398
000635.SZ	7071
001234.SZ	1142
301599.SZ	102
600744.SH	7111
600625.SH	1874
300198.SZ	3487
603895.SH	2106
000061.SZ	6913
000100.SZ	5154
600110.SH	6643
600071.SH	6857
002902.SZ	2171
002863.SZ	2296
600496.SH	5808
300852.SZ	1508
300933.SZ	1376
605336.SH	1443
600226.SH	5994
600472.SH	632
600513.SH	5634
300649.SZ	2279
600095.SH	6955
601112.SH	160
002887.SZ	2224
301248.SZ	1078
301329.SZ	777
000503.SZ	7889
603871.SH	2095
300823.SZ	1584
300942.SZ	1364
601002.SH	4751
601163.SH	2438
600185.SH	6474
301239.SZ	1028
002997.SZ	1470
301358.SZ	883
600403.SH	5406
600562.SH	5632
300638.SZ	2292
300759.SZ	1859
603800.SH	2618
000572.SZ	7723
000413.SZ	6476
600257.SH	6136
600336.SH	6154
001232.SZ	38
000752.SZ	6936
000633.SZ	6291
301019.SZ	1275
301178.SZ	1173
601222.SH	3659
300418.SZ	2769
300579.SZ	2370
600623.SH	8055
600742.SH	7234
603893.SH	1613
600490.SH	5095
600077.SH	6193
601091.SH	18
600116.SH	6963
002865.SZ	2291
605167.SH	1255
605006.SH	1470
605580.SH	1237
603688.SH	2893
002299.SZ	3989
000949.SZ	6429
000828.SZ	6799
600838.SH	7877
600959.SH	2675
688299.SH	1673
603983.SH	1742
000016.SZ	8215
000590.SZ	7156
600006.SH	6475
600167.SH	6436
002975.SZ	1615
600580.SH	5761
601566.SH	3709
000723.SZ	6549
001322.SZ	953
300469.SZ	2638
300508.SZ	2534
600652.SH	7399
600733.SH	6709
301068.SZ	1201
301109.SZ	1073
000938.SZ	6275
000859.SZ	6653
600849.SH	4588
600928.SH	1840
688389.SH	1674
603798.SH	2545
605116.SH	1458
605077.SH	1359
002389.SZ	3717
000546.SZ	7419
603955.SH	2276
600556.SH	4438
300139.SZ	3843
300058.SZ	3822
600302.SH	6172
600263.SH	2603
301538.SZ	613
301459.SZ	676
600684.SH	7955
601918.SH	4409
300976.SZ	1321
300817.SZ	1606
301428.SZ	816
600794.SH	6904
300148.SZ	3527
300029.SZ	3890
600373.SH	5717
600212.SH	6030
000537.SZ	7716
601126.SH	3812
600527.SH	5499
600446.SH	5336
300907.SZ	1422
300866.SZ	1478
001979.SZ	2594
601969.SH	2819
601808.SH	4604
002488.SZ	3841
603099.SH	2940
300994.SZ	1242
688488.SH	1503
605122.SH	1348
301608.SZ	523
600153.SH	6564
600032.SH	1298
300368.SZ	2958
002941.SZ	1900
300209.SZ	3416
002820.SZ	2385
688820.SH	110
600281.SH	6120
600707.SH	7177
600666.SH	7563
001277.SZ	500
001316.SZ	1035
000676.SZ	6859
000717.SZ	6963
688598.SH	1547
300884.SZ	1426
002598.SZ	3621
603189.SH	2433
600776.SH	7170
600617.SH	7732
601377.SH	3853
600391.SH	5931
601216.SH	3665
000607.SZ	6978
000766.SZ	6629
001206.SZ	1294
001367.SZ	842
600122.SH	5748
002930.SZ	2055
300319.SZ	3238
002851.SZ	2245
300278.SZ	3011
301718.SZ	2
301586.SZ	504
300560.SZ	2408
300401.SZ	2895
301161.SZ	978
300187.SZ	3561
301000.SZ	1295
300334.SZ	3246
300255.SZ	3639
601088.SH	4534
600489.SH	5531
002706.SZ	3071
002667.SZ	3336
688152.SH	951
002280.SZ	3368
688033.SH	1743
605599.SH	1222
603276.SH	727
603317.SH	1809
002152.SZ	4578
688280.SH	1195
002033.SZ	5213
600821.SH	7803
688667.SH	1338
000831.SZ	6260
000950.SZ	5869
600599.SH	5718
300345.SZ	3308
300224.SZ	3638
601198.SH	2791
000589.SZ	7349
301110.SZ	1104
301071.SZ	1213
300097.SZ	3821
300511.SZ	2523
300470.SZ	2745
688777.SH	1419
688616.SH	1343
688390.SH	1469
002123.SZ	4586
002042.SZ	4936
600850.SH	7666
000921.SZ	6188
002390.SZ	3835
688123.SH	1640
002777.SZ	2599
002616.SZ	3537
603207.SH	506
603366.SH	3488
603712.SH	2083
688557.SH	1413
002685.SZ	3258
002303.SZ	3967
002262.SZ	4411
603027.SH	2567
688303.SH	1257
688262.SH	1145
003037.SZ	1367
601825.SH	1237
002557.SZ	3741
688685.SH	1307
002436.SZ	3793
300582.SZ	2325
300165.SZ	3593
301183.SZ	1057
300004.SZ	3935
603868.SH	2539
603909.SH	2444
301330.SZ	997
301251.SZ	740
300731.SZ	2121
300650.SZ	2286
603056.SH	1965
603137.SH	825
002526.SZ	3627
688795.SH	198
002447.SZ	2602
688372.SH	953
688213.SH	1059
603602.SH	2155
002372.SZ	4004
002213.SZ	4450
688526.SH	1458
002795.SZ	2448
603819.SH	2383
603978.SH	2217
300740.SZ	1993
300621.SZ	2317
301220.SZ	1037
300075.SZ	3894
301093.SZ	1192
301515.SZ	771
300492.SZ	2418
000915.SZ	6568
605388.SH	1482
603080.SH	2117
603506.SH	2098
002076.SZ	4504
002117.SZ	4727
601882.SH	2401
600864.SH	7562
600905.SH	1286
688622.SH	1211
002491.SZ	3631
603352.SH	170
603233.SH	2225
002622.SZ	3234
002743.SZ	2789
688076.SH	1300
688117.SH	1291
002839.SZ	2338
300210.SZ	3699
002958.SZ	1823
300371.SZ	3082
301397.SZ	790
301611.SZ	512
300796.SZ	1666
601699.SH	4829
300444.SZ	2673
300525.SZ	2446
600298.SH	6256
301045.SZ	1241
603323.SH	2388
688007.SH	1744
688166.SH	1671
002653.SZ	3563
002732.SZ	2859
688581.SH	817
603577.SH	2371
603416.SH	2372
000805.SZ	1920
603190.SH	877
605298.SH	1355
688653.SH	695
002581.SZ	3619
002007.SZ	5336
002166.SZ	4478
600815.SH	7853
601992.SH	3758
600388.SH	6164
301155.SZ	1175
601789.SH	3483
300435.SZ	2788
300554.SZ	2290
300686.SZ	2221
301660.SZ	18
300261.SZ	3574
002848.SZ	2335
301287.SZ	798
300300.SZ	3320
002929.SZ	2083
300393.SZ	2914
300615.SZ	2333
300774.SZ	1248
300041.SZ	4006
300120.SZ	3772
688227.SH	1149
002094.SZ	4577
600886.SH	7165
601860.SH	1876
601901.SH	3556
002473.SZ	2421
002512.SZ	3421
603103.SH	2177
603062.SH	702
688512.SH	819
002227.SZ	4435
002346.SZ	3853
603757.SH	2239
603636.SH	2775
300030.SZ	3873
300151.SZ	3733
301550.SZ	733
301682.SZ	127
300664.SZ	2117
300705.SZ	2179
301265.SZ	916
300283.SZ	3532
002256.SZ	4050
002337.SZ	4008
688184.SH	974
688563.SH	776
603726.SH	2530
002402.SZ	3950
002563.SZ	3761
003003.SZ	1458
688256.SH	1503
002184.SZ	4521
688337.SH	1076
601811.SH	2462
600996.SH	2367
603595.SH	2237
603172.SH	823
603013.SH	2038
603035.SH	2362
688311.SH	1494
003025.SZ	1405
688270.SH	1129
601956.SH	1395
002545.SZ	3563
688697.SH	1217
002424.SZ	3942
603661.SH	2141
603700.SH	1863
603286.SH	2230
688545.SH	408
002697.SZ	3338
002311.SZ	4064
300938.SZ	1373
002270.SZ	4179
300859.SZ	1486
000508.SZ	34
301322.SZ	866
300723.SZ	2152
300642.SZ	2293
600518.SH	6082
600479.SH	5412
300590.SZ	2254
301191.SZ	1055
300177.SZ	3711
300016.SZ	4018
603396.SH	2173
603610.SH	1679
300949.SZ	1356
002360.SZ	3923
300828.SZ	1552
002201.SZ	4324
002787.SZ	2474
688455.SH	978
603125.SH	842
688787.SH	1242
002534.SZ	3764
002455.SZ	3873
688360.SH	1525
688201.SH	1315
300106.SZ	3848
301081.SZ	1200
300067.SZ	3886
301507.SZ	741
300480.SZ	2665
000418.SZ	5215
300752.SZ	1898
300633.SZ	2304
600569.SH	5949
600408.SH	5437
301353.SZ	809
301232.SZ	797
601168.SH	4455
601009.SH	4644
300326.SZ	3197
300247.SZ	3429
603898.SH	2744
600749.SH	6926
600628.SH	8106
300572.SZ	2378
300413.SZ	2580
601229.SH	2397
300195.SZ	3632
301173.SZ	385
301012.SZ	1277
000638.SZ	5491
000759.SZ	6898
001239.SZ	677
001358.SZ	670
002140.SZ	4643
002021.SZ	4964
688292.SH	996
600833.SH	7449
000823.SZ	6971
603551.SH	1624
002714.SZ	3054
002675.SZ	3103
002292.SZ	3988
688021.SH	1673
603683.SH	2171
603305.SH	2233
601339.SH	3473
601258.SH	2936
301102.SZ	1093
300085.SZ	3754
301063.SZ	1213
600738.SH	7089
600659.SH	3051
300503.SZ	2561
300462.SZ	2470
001248.SZ	61
000728.SZ	6782
300357.SZ	3082
300236.SZ	3666
603988.SH	2868
002382.SZ	3808
688131.SH	1278
688050.SH	1496
002765.SZ	2692
002604.SZ	1750
603215.SH	1119
688765.SH	226
002131.SZ	4355
688382.SH	1014
002050.SZ	4953
600842.SH	3597
603520.SH	2440
000852.SZ	6536
000933.SZ	6468
601669.SH	3516
301533.SZ	753
600268.SH	6402
600309.SH	6042
300053.SZ	3861
300132.SZ	3755
301206.SZ	1125
300381.SZ	2923
301367.SZ	949
300607.SZ	2330
300766.SZ	1824
688500.SH	1504
002235.SZ	4239
688086.SH	815
002354.SZ	3702
688235.SH	1160
002086.SZ	4686
601872.SH	4689
600894.SH	7267
002461.SZ	3860
002500.SZ	3731
605378.SH	1326
603111.SH	2764
603070.SH	1105
300676.SZ	2226
300717.SZ	2152
300291.SZ	3320
301277.SZ	938
301316.SZ	952
600219.SH	6315
600378.SH	5985
300022.SZ	3903
300143.SZ	3428
601618.SH	4053
002410.SZ	3925
002571.SZ	3350
688244.SH	958
003011.SZ	1451
002196.SZ	4397
688325.SH	1076
600984.SH	5193
603587.SH	2007
603160.SH	2409
605268.SH	1358
603001.SH	3470
002244.SZ	4434
002325.SZ	3432
688196.SH	1662
688410.SH	911
688571.SH	1405
603655.SH	2116
603221.SH	1578
002630.SZ	3353
002751.SZ	1957
688105.SH	1182
000866.SZ	1927
603092.SH	217
002064.SZ	4858
002105.SZ	4759
600876.SH	7141
601890.SH	3820
600917.SH	2909
688630.SH	1333
002483.SZ	3728
300456.SZ	2615
300537.SZ	2368
301057.SZ	1217
301136.SZ	1142
000029.SZ	6943
300202.SZ	2722
300363.SZ	2966
600039.SH	5565
600158.SH	6691
301603.SZ	539
300784.SZ	561
603565.SH	1454
000976.SZ	5430
000817.SZ	1845
603182.SH	975
002593.SZ	3685
688720.SH	672
002015.SZ	4806
002174.SZ	4338
600807.SH	7402
600966.SH	5319
603331.SH	2243
605158.SH	1491
688015.SH	1744
002641.SZ	3593
688593.SH	798
000058.SZ	6685
300694.SZ	1932
601528.SH	1276
301295.SZ	790
300273.SZ	2702
300312.SZ	2282
600048.SH	4875
600129.SH	6776
301026.SZ	1261
300427.SZ	2615
300546.SZ	2427
603881.SH	2341
600482.SH	5192
601083.SH	682
600065.SH	2119
600104.SH	6877
002877.SZ	2265
002916.SZ	2131
001220.SZ	157
000621.SZ	1812
600631.SH	4229
600750.SH	7112
603429.SH	2299
002038.SZ	5308
002159.SZ	4475
688038.SH	1254
688159.SH	1618
000731.SZ	6993
000650.SZ	6860
001330.SZ	996
600640.SH	7947
600721.SH	6736
688806.SH	49
603991.SH	2314
000004.SZ	8293
000582.SZ	7062
600175.SH	4929
002806.SZ	2310
002967.SZ	1671
600592.SH	5746
688049.SH	1172
688128.SH	1674
603458.SH	2216
002049.SZ	4840
002128.SZ	4538
688269.SH	1287
688308.SH	1406
300840.SZ	1511
002269.SZ	4335
300921.SZ	1398
002308.SZ	3460
603719.SH	1597
603678.SH	2821
600460.SH	5590
600501.SH	6071
600087.SH	3839
601061.SH	842
601100.SH	3583
002895.SZ	2202
000511.SZ	5584
603863.SH	1758
301188.SZ	1184
600234.SH	5872
600355.SH	5685
300589.SZ	2356
002218.SZ	4491
300831.SZ	1552
002379.SZ	3645
300950.SZ	1343
603768.SH	2311
603609.SH	2938
688218.SH	1648
688379.SH	1481
300499.SZ	2587
301098.SZ	1183
601010.SH	3703
600197.SH	6499
002985.SZ	1556
600570.SH	5429
000560.SZ	7310
000401.SZ	7085
300986.SZ	1309
002748.SZ	2785
002629.SZ	3292
603238.SH	2263
603359.SH	2190
688629.SH	792
600293.SH	6088
600715.SH	7002
600674.SH	7838
000705.SZ	7053
600141.SH	6482
600020.SH	5538
002953.SZ	1795
002832.SZ	2370
000030.SZ	7158
000151.SZ	6260
601999.SH	4454
688739.SH	1192
688658.SH	1397
002739.SZ	2389
002658.SZ	3525
300896.SZ	1453
605020.SH	1266
603328.SH	2974
600130.SH	6299
600051.SH	6934
002922.SZ	2119
002843.SZ	2351
600764.SH	6826
600605.SH	8228
600383.SH	6039
000615.SZ	6949
001287.SZ	842
000686.SZ	6919
600310.SH	6127
600271.SH	5451
600696.SH	7644
000554.SZ	7868
603826.SH	2298
600425.SH	5555
300398.SZ	2817
300964.SZ	1247
300805.SZ	1662
688519.SH	1483
688478.SH	823
603069.SH	2463
603108.SH	2620
002519.SZ	3701
002478.SZ	3802
603936.SH	2527
000525.SZ	7856
300288.SZ	3374
600535.SH	5782
301689.SZ	26
000796.SZ	6493
600786.SH	2618
601601.SH	4550
600361.SH	5927
600200.SH	6352
603018.SH	2849
603179.SH	2316
003008.SZ	1456
002568.SZ	3695
002409.SZ	3666
688568.SH	1512
688409.SH	966
300915.SZ	1412
002797.SZ	2506
300959.SZ	1335
002370.SZ	3881
300838.SZ	1531
002211.SZ	4125
603600.SH	2826
603386.SH	2106
688370.SH	991
688211.SH	1196
002524.SZ	3578
688797.SH	68
002445.SZ	3597
603135.SH	842
301517.SZ	708
300490.SZ	2466
300116.SZ	3064
301091.SZ	1193
300077.SZ	3903
301222.SZ	1106
601019.SH	2148
300742.SZ	1502
300623.SZ	2319
600579.SH	5425
600418.SH	5909
000408.SZ	6835
000569.SZ	3541
002555.SZ	3500
002434.SZ	3807
688687.SH	1366
688301.SH	1459
003035.SZ	1379
688260.SH	1327
601827.SH	1532
603025.SH	2744
002301.SZ	3755
300928.SZ	1388
002260.SZ	2269
300849.SZ	1509
688555.SH	733
002687.SZ	3447
603296.SH	761
300733.SZ	2110
300652.SZ	2277
600508.SH	6038
600469.SH	5342
301332.SZ	817
601068.SH	1957
000518.SZ	7470
301181.SZ	1113
300167.SZ	3719
300006.SZ	3975
301566.SZ	664
300580.SZ	2250
000659.SZ	7028
000738.SZ	6953
001258.SZ	1012
001339.SZ	999
600728.SH	6889
600649.SH	7649
300513.SZ	2411
300472.SZ	2551
301112.SZ	1022
300095.SZ	3851
301073.SZ	1204
603998.SH	2795
300347.SZ	3289
300226.SZ	3605
603205.SH	460
002775.SZ	2724
002614.SZ	3616
688121.SH	1182
002392.SZ	3847
000923.SZ	6385
603530.SH	1734
002121.SZ	4554
688392.SH	969
002040.SZ	5039
600933.SH	2143
600852.SH	2701
688775.SH	319
603888.SH	2408
301656.SZ	242
300336.SZ	2547
300257.SZ	3618
001229.SZ	1004
000628.SZ	6705
300185.SZ	3735
301163.SZ	1079
301002.SZ	1289
600759.SH	6163
600638.SH	8083
300562.SZ	2394
301584.SZ	242
300403.SZ	2897
000833.SZ	6482
000952.SZ	6319
688665.SH	1365
002150.SZ	4565
002031.SZ	5275
688282.SH	1098
600823.SH	7278
603315.SH	2687
603693.SH	1991
688150.SH	1099
002282.SZ	3975
688031.SH	959
002665.SZ	2730
300281.SZ	3524
301267.SZ	945
301306.SZ	1013
300666.SZ	2236
301680.SZ	140
300707.SZ	2179
601608.SH	3307
301552.SZ	531
600209.SH	5155
600368.SH	6172
300032.SZ	3840
300153.SZ	3698
605319.SH	1282
603170.SH	1020
603011.SH	2793
003001.SZ	1448
002186.SZ	4549
688335.SH	1483
002400.SZ	3750
002561.SZ	3782
688400.SH	1027
688561.SH	1502
002254.SZ	4365
688186.SH	1611
002335.SZ	3934
600278.SH	6250
600319.SH	5768
300043.SZ	3711
300122.SZ	3810
601718.SH	3900
300617.SZ	2329
300776.SZ	1789
301216.SZ	1092
300391.SZ	2737
301377.SZ	934
603755.SH	1717
688096.SH	1570
002225.SZ	4343
002344.SZ	3942
688510.SH	1402
001872.SZ	7752
605368.SH	1370
603101.SH	2526
603060.SH	2402
002471.SZ	3777
002510.SZ	3757
002096.SZ	4710
688225.SH	1126
600884.SH	7335
002005.SZ	5072
002164.SZ	4449
600817.SH	6684
600976.SH	5377
601990.SH	2013
688651.SH	771
002583.SZ	3673
000966.SZ	6358
000807.SZ	6720
603192.SH	1960
002651.SZ	3530
002730.SZ	2780
688583.SH	413
688005.SH	1740
603321.SH	2191
301285.SZ	968
300263.SZ	3516
300302.SZ	3498
600058.SH	6851
600139.SH	5660
301662.SZ	353
300684.SZ	2123
000048.SZ	7489
300437.SZ	2658
300556.SZ	2405
301036.SZ	1252
301157.SZ	863
688115.SH	1093
002620.SZ	3585
002741.SZ	2777
603350.SH	544
603231.SH	674
605058.SH	1442
002493.SZ	3854
688620.SH	792
002074.SZ	4616
002115.SZ	4566
600866.SH	7493
601880.SH	3820
000917.SZ	6274
000876.SZ	6678
603082.SH	638
301047.SZ	1240
301126.SZ	1166
300446.SZ	2767
300527.SZ	2460
301613.SZ	459
300212.SZ	3556
301395.SZ	787
300373.SZ	3037
600029.SH	5528
600148.SH	6655
000158.SZ	6201
000039.SZ	7770
688816.SH	152
601330.SH	2015
600650.SH	8023
600731.SH	7220
000721.SZ	6893
600582.SH	5811
600004.SH	5638
600165.SH	6541
002816.SZ	2308
002977.SZ	1585
000592.SZ	6672
000014.SZ	8189
688059.SH	1365
688138.SH	1663
002059.SZ	4532
002138.SZ	4664
603529.SH	1284
603448.SH	28
600075.SH	6852
600114.SH	5372
002867.SZ	2289
002906.SZ	2176
601515.SH	3539
000065.SZ	6654
600621.SH	8103
600740.SH	7085
000750.SZ	5871
000631.SZ	6449
001230.SZ	1020
002028.SZ	5337
002149.SZ	4459
603558.SH	2734
603439.SH	1557
688028.SH	1735
603778.SH	2572
603619.SH	2151
002208.SZ	4459
300821.SZ	1589
002369.SZ	3767
300940.SZ	1368
688208.SH	1609
688369.SH	1677
301088.SZ	1194
600255.SH	5910
300489.SZ	2723
000570.SZ	7759
000411.SZ	6844
603963.SH	1817
600401.SH	2612
600560.SH	5787
601000.SH	3853
600187.SH	5864
002995.SZ	1482
605255.SH	1444
688279.SH	1078
688318.SH	1558
603709.SH	2093
603668.SH	2354
300850.SZ	1502
002279.SZ	4006
300931.SZ	1377
002318.SZ	4043
603912.SH	2163
000501.SZ	8068
600097.SH	6842
002885.SZ	2246
600470.SH	5430
600511.SH	5568
300599.SZ	2340
301198.SZ	1169
600345.SH	6135
688729.SH	300
688648.SH	699
601989.SH	3536
603259.SH	2039
603338.SH	2787
605151.SH	1403
300886.SZ	1451
002729.SZ	2814
002648.SZ	3555
600120.SH	6738
002932.SZ	1994
002853.SZ	2312
001365.SZ	93
000605.SZ	6521
600393.SH	5126
601375.SH	2364
600774.SH	7163
600615.SH	7841
603228.SH	2361
002758.SZ	2736
002639.SZ	3387
300996.SZ	1288
601899.SH	4434
688758.SH	416
688639.SH	1319
000715.SZ	6782
001314.SZ	871
600705.SH	5598
600664.SH	7801
600283.SH	6224
000020.SZ	7847
600151.SH	6584
600030.SH	5663
002943.SZ	1884
002822.SZ	2383
600525.SH	5493
600444.SH	5269
301699.SZ	28
300298.SZ	3316
000535.SZ	2764
603926.SH	2282
600371.SH	5723
600210.SH	6481
600796.SH	6844
601611.SH	2504
001387.SZ	656
000786.SZ	6900
002578.SZ	3576
002419.SZ	3958
003018.SZ	1430
603008.SH	3361
605300.SH	1312
603169.SH	2814
300905.SZ	1421
300864.SZ	1478
688578.SH	1413
688419.SH	946
600686.SH	7833
600300.SH	6269
600261.SH	6302
601155.SH	2617
300388.SZ	2910
600435.SH	5384
603836.SH	1297
000425.SZ	7140
000544.SZ	7757
688509.SH	1251
688468.SH	1328
300815.SZ	1618
002509.SZ	1943
002468.SZ	3761
603079.SH	2170
603118.SH	2783
300833.SZ	1544
300952.SZ	1347
000562.SZ	4811
000403.SZ	5552
603810.SH	1944
600572.SH	5243
300628.SZ	2316
300749.SZ	1926
601012.SH	3475
600195.SH	6584
301229.SZ	1117
002987.SZ	1553
301348.SZ	759
600247.SH	4664
600326.SH	6159
601727.SH	4047
300842.SZ	1513
300923.SZ	1396
600236.SH	6235
600357.SH	1668
603900.SH	2390
603861.SH	2475
000513.SZ	7682
600085.SH	7054
002897.SZ	2197
301258.SZ	1092
301339.SZ	980
600462.SH	4694
600503.SH	5507
300659.SZ	2161
300738.SZ	2107
600590.SH	5597
600016.SH	6186
600177.SH	6627
002965.SZ	1681
603993.SH	3373
000006.SZ	8172
301078.SZ	1204
301119.SZ	1177
300479.SZ	2647
300518.SZ	2355
600642.SH	8070
600723.SH	6027
001332.SZ	974
000733.SZ	7014
000652.SZ	6950
600859.SH	7603
600938.SH	1077
688399.SH	1652
000928.SZ	6491
002399.SZ	3745
603788.SH	2827
300408.SZ	2863
300569.SZ	2385
600633.SH	7026
600752.SH	2089
301009.SZ	1282
301168.SZ	1163
000623.SZ	7109
001222.SZ	996
600067.SH	7058
600106.SH	6933
002875.SZ	2262
600480.SH	5404
603883.SH	2687
002289.SZ	3689
603698.SH	2835
605177.SH	1417
605016.SH	1319
600828.SH	7628
688289.SH	1475
000959.SZ	6038
000838.SZ	6797
300158.SZ	3677
300039.SZ	4051
600363.SH	5998
600202.SH	6462
301559.SZ	721
600784.SH	6797
001395.SZ	404
600537.SH	5621
600456.SH	5888
601136.SH	912
000527.SZ	4573
603855.SH	2271
300917.SZ	1399
300876.SZ	1478
601818.SH	3893
601026.SH	232
600546.SH	5486
000556.SZ	1732
301528.SZ	747
301449.SZ	185
600694.SH	7853
300129.SZ	3829
300048.SZ	3968
600312.SH	6028
600273.SH	5394
001285.SZ	229
601908.SH	3635
601869.SH	1987
300966.SZ	1327
300807.SZ	1627
300894.SZ	1391
688588.SH	1542
603199.SH	2799
002588.SZ	3710
001216.SZ	1201
000617.SZ	7040
000776.SZ	6169
600381.SH	5616
600766.SH	6340
600607.SH	4239
301669.SZ	77
600132.SH	6869
600053.SH	6589
002920.SZ	2124
300309.SZ	2536
002841.SZ	2352
300268.SZ	3067
603089.SH	2347
002498.SZ	3783
688498.SH	914
300984.SZ	1281
000032.SZ	7662
000153.SZ	5903
600143.SH	5270
600022.SH	5067
300378.SZ	3075
002951.SZ	1827
300219.SZ	3506
002830.SZ	2378
301618.SZ	483
000666.SZ	6141
000707.SZ	6963
001267.SZ	1176
001306.SZ	695
600717.SH	7254
600676.SH	7904
600291.SH	5032
000599.SZ	7287
300355.SZ	3276
300234.SZ	3620
601188.SH	4005
600589.SH	5933
300501.SZ	2585
301486.SZ	773
300460.SZ	2749
301100.SZ	1158
301061.SZ	1220
300087.SZ	3720
000850.SZ	6574
000931.SZ	6286
002133.SZ	4689
688380.SH	1005
002052.SZ	4601
600840.SH	3570
688767.SH	1224
688606.SH	1337
605499.SH	1296
603217.SH	1766
603376.SH	218
002767.SZ	2745
002606.SZ	3461
688133.SH	1435
002380.SZ	3989
688052.SH	1076
301171.SZ	992
300197.SZ	3445
301010.SZ	1281
301596.SZ	580
300570.SZ	2383
300411.SZ	2567
600499.SH	5535
300324.SZ	3130
300245.SZ	3679
601098.SH	3863
603266.SH	2359
603307.SH	878
603681.SH	1823
605589.SH	1244
688023.SH	1674
002290.SZ	3996
002716.SZ	2888
002677.SZ	3415
000821.SZ	6602
688716.SH	730
688677.SH	1357
002142.SZ	4643
002023.SZ	5333
688290.SH	1071
600831.SH	7842
688362.SH	938
688203.SH	998
002536.SZ	3800
688785.SH	162
002457.SZ	3916
603127.SH	2206
688536.SH	1439
002785.SZ	2609
002362.SZ	4020
002203.SZ	4297
603612.SH	2223
603773.SH	2052
301230.SZ	949
300750.SZ	2015
300631.SZ	2312
603809.SH	2144
603968.SH	2765
301505.SZ	766
300482.SZ	2725
300104.SZ	1734
300065.SZ	3774
301083.SZ	1199
002313.SZ	3943
002272.SZ	4162
002695.SZ	3399
688426.SH	955
603284.SH	152
603663.SH	2467
002547.SZ	3588
002426.SZ	3629
688695.SH	619
688313.SH	1477
688272.SH	1200
003027.SZ	1400
603037.SH	2346
603156.SH	2091
300175.SZ	3759
301193.SZ	1164
300014.SZ	4047
300592.SZ	2330
300721.SZ	2153
300640.SZ	2278
301320.SZ	801
603878.SH	2374
603919.SH	2541
002643.SZ	3466
002722.SZ	2988
688591.SH	744
688017.SH	1474
688176.SH	1144
603333.SH	3453
002017.SZ	5316
002176.SZ	4447
600805.SH	7842
002591.SZ	3549
688722.SH	1202
000815.SZ	6416
603180.SH	2279
605288.SH	1536
603567.SH	2764
603406.SH	276
601799.SH	3749
300425.SZ	2687
600398.SH	6113
301024.SZ	1253
300271.SZ	3426
002858.SZ	2303
301297.SZ	896
300310.SZ	3347
002939.SZ	1923
300696.SZ	2209
002481.SZ	3753
002066.SZ	4856
002107.SZ	4743
600874.SH	7498
603516.SH	2097
603477.SH	2119
000905.SZ	6360
605398.SH	1377
603090.SH	2389
688066.SH	1743
688107.SH	1183
002632.SZ	3476
002753.SZ	2763
603223.SH	2721
301601.SZ	412
300786.SZ	1743
002829.SZ	2378
300200.SZ	3708
002948.SZ	1861
301387.SZ	836
600288.SH	6145
301055.SZ	1225
601689.SH	2794
300454.SZ	2033
300535.SZ	2385
301421.SZ	750
300020.SZ	3929
300141.SZ	3754
301275.SZ	379
300293.SZ	3445
301314.SZ	850
300674.SZ	1915
300715.SZ	2161
603657.SH	1981
688573.SH	755
002246.SZ	4218
002327.SZ	4053
000996.SZ	5277
603162.SH	849
603003.SH	3035
603585.SH	2377
003013.SZ	1431
688246.SH	1161
002194.SZ	4512
688327.SH	1054
601801.SH	4025
600986.SH	5205
002412.SZ	3842
002573.SZ	3503
300605.SZ	2343
301365.SZ	934
300383.SZ	2888
300051.SZ	3791
300130.SZ	3745
301531.SZ	98
000886.SZ	6866
603113.SH	2280
603072.SH	420
002463.SZ	3903
002502.SZ	2990
002084.SZ	4750
688237.SH	1020
688356.SH	1476
600896.SH	6117
603626.SH	2342
002237.SZ	4428
688084.SH	922
002356.SZ	3729
688502.SH	863
601929.SH	3537
688789.SH	1268
605090.SH	1287
603398.SH	2503
002789.SZ	2563
300947.SZ	1363
300826.SZ	1573
000416.SZ	6550
600180.SH	6410
601166.SH	4749
601007.SH	4717
002992.SZ	1493
600567.SH	5885
600406.SH	5368
301509.SZ	764
301468.SZ	772
300108.SZ	3224
300069.SZ	3852
600333.SH	6159
600252.SH	6137
603288.SH	3074
605180.SH	1312
605567.SH	1205
300936.SZ	1374
300857.SZ	1498
002699.SZ	2596
605333.SH	1482
688699.SH	1401
601958.SH	4475
300179.SZ	3634
300018.SZ	4013
600223.SH	6321
301578.SZ	665
301419.SZ	883
000506.SZ	7182
603915.SH	1770
600516.SH	5688
600477.SH	5441
601117.SH	4054
600090.SH	5686
002882.SZ	2235
600162.SH	6664
600003.SH	2285
002970.SZ	1644
300359.SZ	2914
002811.SZ	2439
300238.SZ	3466
600585.SH	5920
603986.SH	2248
000013.SZ	2948
000595.SZ	7113
600736.SH	7115
600657.SH	7720
688811.SH	117
000726.SZ	6147
001246.SZ	18
600747.SH	5323
600626.SH	8063
001237.SZ	89
001356.SZ	406
000636.SZ	6976
000757.SZ	5349
601512.SH	1641
600495.SH	5354
600113.SH	6737
600072.SH	6952
300328.SZ	3432
002901.SZ	2186
300249.SZ	3560
002860.SZ	2293
603896.SH	2281
000062.SZ	7008
605003.SH	1467
605162.SH	1268
601616.SH	3787
601777.SH	3802
600791.SH	7093
600217.SH	5991
601390.SH	4478
600376.SH	6059
001380.SZ	819
601123.SH	30
301279.SZ	1083
301318.SZ	1002
600522.SH	5678
300678.SZ	2201
300719.SZ	2157
000532.SZ	7779
300863.SZ	1478
300902.SZ	1436
688198.SH	1650
002198.SZ	4397
605266.SH	1413
603589.SH	2735
600432.SH	3178
600553.SH	1979
300609.SZ	2335
300768.SZ	1811
601033.SH	651
301208.SZ	1026
301369.SZ	972
000543.SZ	7873
000422.SZ	7158
603950.SH	1531
600266.SH	6613
600307.SH	6157
600681.SH	6846
000691.SZ	6566
002088.SZ	4731
603499.SH	2174
605376.SH	1408
688088.SH	1744
300812.SZ	1628
300973.SZ	1323
300881.SZ	1472
000978.SZ	6270
000819.SZ	6991
600809.SH	7893
600968.SH	1762
000763.SZ	2008
000602.SZ	3860
001203.SZ	1309
300429.SZ	2705
300548.SZ	2418
600612.SH	8209
600773.SH	6952
301028.SZ	1259
301149.SZ	1185
000056.SZ	7028
600127.SH	6748
002935.SZ	1956
000909.SZ	6569
000868.SZ	6889
600878.SH	2065
600919.SH	2460
300991.SZ	1301
000027.SZ	7891
600037.SH	6146
600156.SH	6772
002825.SZ	2373
001313.SZ	1121
000712.SZ	6772
000673.SZ	5681
301059.SZ	1220
688825.SH	45
301138.SZ	1160
600284.SH	5365
300458.SZ	2755
300539.SZ	2445
600663.SH	7902
600702.SH	7254
300221.SZ	3647
002808.SZ	2404
300340.SZ	3272
002969.SZ	1638
688808.SH	107
300092.SZ	3776
301115.SZ	987
300475.SZ	2718
300514.SZ	2290
603456.SH	2873
688613.SH	1301
688772.SH	1204
002047.SZ	4877
688395.SH	1313
002126.SZ	4631
600855.SH	7250
603363.SH	2182
603202.SH	348
688047.SH	1035
002395.SZ	3944
688126.SH	1553
002613.SZ	3651
002772.SZ	2726
300404.SZ	2710
300565.SZ	2393
301583.SZ	55
301005.SZ	1293
300182.SZ	3635
002879.SZ	2241
300250.SZ	3559
002918.SZ	2129
300331.SZ	3306
603312.SH	656
603273.SH	713
002662.SZ	3353
002703.SZ	3214
002285.SZ	4108
688036.SH	1695
688157.SH	1520
000955.SZ	6270
688285.SH	1201
002036.SZ	5189
002157.SZ	4527
600824.SH	7871
688662.SH	1333
002442.SZ	3640
002523.SZ	3718
688790.SH	191
003043.SZ	1325
688216.SH	1278
688377.SH	1511
603132.SH	1117
603053.SH	1644
002216.SZ	4496
002377.SZ	3796
688523.SH	807
002790.SZ	2567
603381.SH	549
605089.SH	1316
603766.SH	3391
603607.SH	2167
300624.SZ	2098
300745.SZ	2028
601598.SH	1865
301225.SZ	796
600199.SH	6724
301096.SZ	1152
300070.SZ	3903
300111.SZ	3687
300497.SZ	2616
301510.SZ	756
002680.SZ	1543
688433.SH	838
688552.SH	818
002267.SZ	4389
002306.SZ	3674
603717.SH	2310
603676.SH	2231
605199.SH	1508
603291.SH	851
003032.SZ	1382
688267.SH	1121
688306.SH	1097
688680.SH	1377
002433.SZ	3344
002552.SZ	3694
603022.SH	2761
300587.SZ	2362
300001.SZ	4016
301186.SZ	1152
300160.SZ	3741
301335.SZ	926
600089.SH	6911
300655.SZ	2265
000099.SZ	6173
688163.SH	1104
688002.SH	1744
300898.SZ	1445
002737.SZ	2854
688584.SH	637
002656.SZ	3169
603326.SH	2255
688737.SH	1199
002584.SZ	3492
688656.SH	1375
002163.SZ	4466
002002.SZ	4273
600971.SH	5303
601997.SH	2456
600810.SH	7811
000800.SZ	7019
000961.SZ	5608
603195.SH	1614
301150.SZ	1077
301031.SZ	1262
300551.SZ	2405
300430.SZ	2732
301665.SZ	357
300683.SZ	2161
300305.SZ	3520
301282.SZ	990
300264.SZ	3633
002112.SZ	4418
002073.SZ	4786
600900.SH	5129
600861.SH	7779
002494.SZ	3824
688627.SH	777
000910.SZ	6517
603085.SH	2713
002746.SZ	2809
002627.SZ	3588
300988.SZ	1307
688112.SH	1170
688073.SH	954
603236.SH	1748
603357.SH	2224
301392.SZ	563
300374.SZ	2672
300215.SZ	3702
300793.SZ	1686
300520.SZ	2472
300441.SZ	2534
301121.SZ	1004
301040.SZ	1244
001399.SZ	65
000798.SZ	6779
300154.SZ	3792
300035.SZ	3932
600788.SH	1913
301555.SZ	707
603859.SH	2410
603938.SH	2248
300700.SZ	2184
300661.SZ	2254
301687.SZ	179
301301.SZ	909
300286.SZ	3565
301260.SZ	884
002332.SZ	4031
688181.SH	1631
002253.SZ	4408
688566.SH	1547
603590.SH	1961
001965.SZ	2125
000983.SZ	6288
603016.SH	2309
603177.SH	2339
002566.SZ	3706
002407.SZ	3878
002181.SZ	4468
688332.SH	1020
688253.SH	1011
003006.SZ	1458
601975.SH	1872
600993.SH	5404
603828.SH	2719
603949.SH	1592
300396.SZ	2865
301370.SZ	780
301211.SZ	1155
300771.SZ	1805
300610.SZ	2340
000688.SZ	5432
001289.SZ	1133
600698.SH	7234
601299.SH	1260
300125.SZ	3737
300044.SZ	3845
000893.SZ	6283
001914.SZ	7547
603067.SH	2423
603106.SH	2187
688343.SH	846
688222.SH	1565
002091.SZ	4657
601865.SH	1850
600883.SH	7415
002517.SZ	3563
002476.SZ	3740
603633.SH	2390
688517.SH	1282
002343.SZ	3855
002222.SZ	4496
688091.SH	1222
002204.SZ	4506
002365.SZ	4019
688450.SH	773
002782.SZ	2616
688531.SH	838
603393.SH	2375
603615.SH	2340
002450.SZ	1977
002531.SZ	3772
688365.SH	1556
603120.SH	354
605228.SH	1378
603041.SH	2307
600259.SH	5772
600338.SH	5798
300062.SZ	3863
300103.SZ	3817
601658.SH	1649
300485.SZ	2736
301502.SZ	640
300636.SZ	2305
300757.SZ	1853
301237.SZ	1096
002999.SZ	1470
301356.SZ	940
688275.SH	967
003020.SZ	1403
688314.SH	1303
002421.SZ	3846
688692.SH	560
002540.SZ	3796
605338.SH	1449
603151.SH	950
605259.SH	1284
603030.SH	2785
002692.SZ	3336
002275.SZ	4173
002314.SZ	3887
603283.SH	2119
002889.SZ	2225
301246.SZ	856
301327.SZ	975
300647.SZ	2244
300726.SZ	2149
300595.SZ	2354
600228.SH	6302
300013.SZ	3924
300172.SZ	3797
301066.SZ	1215
300080.SZ	3593
301107.SZ	1057
300467.SZ	2555
300506.SZ	2529
000018.SZ	6510
301632.SZ	274
601568.SH	1443
300233.SZ	3605
300352.SZ	3292
600008.SH	6311
600169.SH	6727
605118.SH	1495
603210.SH	359
688055.SH	1483
002387.SZ	3827
002601.SZ	3587
002760.SZ	2723
603444.SH	2363
000936.SZ	6477
688601.SH	1276
002055.SZ	4788
002134.SZ	4559
688387.SH	970
600847.SH	7540
600926.SH	2411
000069.SZ	6900
300242.SZ	3405
300323.SZ	3129
600079.SH	7002
600118.SH	6974
601519.SH	3644
300416.SZ	2830
301591.SZ	628
300577.SZ	2372
301017.SZ	1270
301176.SZ	968
300190.SZ	3549
000826.SZ	6601
603435.SH	89
002024.SZ	5308
688297.SH	1032
002145.SZ	4260
600836.SH	7338
688670.SH	1251
688711.SH	1229
603686.SH	2775
603300.SH	2732
605169.SH	1425
603261.SH	1100
605008.SH	1470
002670.SZ	3273
002711.SZ	1465
002297.SZ	3879
000539.SZ	7766
300712.SZ	2164
300673.SZ	2239
600529.SH	5819
600448.SH	5944
301313.SZ	966
301272.SZ	779
300294.SZ	3366
601128.SH	2425
300146.SZ	3663
300027.SZ	3912
603004.SH	666
603165.SH	2353
002574.SZ	3565
002415.SZ	3913
002193.SZ	4325
688320.SH	1072
600981.SH	5187
603650.SH	2004
300909.SZ	1413
002320.SZ	3918
688193.SH	1086
300868.SZ	1478
002241.SZ	4429
301536.SZ	607
300137.SZ	3795
300056.SZ	3711
000429.SZ	6661
000548.SZ	7870
301362.SZ	753
300384.SZ	2840
301203.SZ	845
601038.SH	3434
300763.SZ	1828
300602.SZ	2347
600558.SH	6059
600439.SH	5584
688505.SH	1523
002351.SZ	4009
300978.SZ	1316
002230.SZ	4380
688083.SH	1347
300819.SZ	1589
000881.SZ	6576
603075.SH	737
688351.SH	987
688230.SH	1170
002083.SZ	4801
601916.SH	1653
600891.SH	5547
601877.SH	3910
002505.SZ	3092
002464.SZ	2299
002596.SZ	3443
002171.SZ	4363
002010.SZ	5230
601985.SH	2747
600963.SH	5273
600802.SH	7897
000812.SZ	6467
000973.SZ	6191
603187.SH	1899
688171.SH	1130
688010.SH	1744
002725.SZ	2942
688596.SH	1481
002644.SZ	3566
603255.SH	996
603334.SH	219
301716.SZ	18
300691.SZ	2206
301677.SZ	41
300317.SZ	3199
300276.SZ	3472
301290.SZ	928
601218.SH	3725
301023.SZ	1268
600778.SH	7047
600619.SH	8102
300543.SZ	2357
300422.SZ	2799
001208.SZ	1277
001369.SZ	180
000609.SZ	7075
000768.SZ	6919
002635.SZ	3502
688486.SH	875
688100.SH	1620
688061.SH	959
603345.SH	2294
002100.SZ	4596
002061.SZ	4630
600873.SH	7288
002486.SZ	3647
688635.SH	87
000863.SZ	5562
000902.SZ	6431
603097.SH	1065
603511.SH	1294
600709.SH	1508
600668.SH	8008
300532.SZ	2454
300453.SZ	2755
301133.SZ	1173
301052.SZ	1230
000678.SZ	6818
000719.SZ	5922
001279.SZ	479
001318.SZ	1059
300366.SZ	2892
301380.SZ	954
300207.SZ	3698
300781.SZ	1771
301606.SZ	527
301498.SZ	755
600724.SH	7146
600645.SH	7639
300099.SZ	3745
000655.SZ	6895
001335.SZ	355
600170.SH	6740
600011.SH	5948
002962.SZ	1704
002803.SZ	2425
600597.SH	5690
000001.SZ	8487
001400.SZ	348
000587.SZ	5913
002779.SZ	2581
002618.SZ	2616
603209.SH	1095
605060.SH	1355
603368.SH	2859
688779.SH	1244
688618.SH	1392
601500.SH	2427
600487.SH	5430
600101.SH	7035
600060.SH	7073
601086.SH	2181
002913.SZ	2141
002872.SZ	2212
000070.SZ	6143
300189.SZ	3506
301588.SZ	618
600755.SH	7200
600634.SH	5757
001225.SZ	874
688708.SH	441
688669.SH	1376
002708.SZ	2996
002669.SZ	3300
603278.SH	2155
605011.SH	1273
603319.SH	2387
688528.SH	1517
688449.SH	445
300955.SZ	1328
300834.SZ	1140
603058.SH	2358
603139.SH	2291
002528.SZ	3700
002449.SZ	3880
600321.SH	5449
600240.SH	4608
603817.SH	2335
603976.SH	2209
000404.SZ	7238
000565.SZ	7682
600192.SH	6667
601015.SH	2884
002980.SZ	1566
600575.SH	5300
603029.SH	2482
002559.SZ	3712
002438.SZ	3824
003039.SZ	1345
300845.SZ	1514
688559.SH	1467
000514.SZ	7891
603866.SH	2616
600082.SH	6998
002890.SZ	2213
600350.SH	5866
600231.SH	6264
605296.SH	1295
603579.SH	2358
603418.SH	244
002009.SZ	5214
002168.SZ	4188
688009.SH	1744
300893.SZ	1455
688168.SH	1710
600054.SH	7058
600135.SH	6862
002846.SZ	2344
301289.SZ	1037
002927.SZ	2085
300688.SZ	2196
000610.SZ	7067
001211.SZ	1247
600600.SH	7938
600761.SH	7215
601360.SH	3442
600386.SH	6113
688078.SH	1635
300983.SZ	1320
688119.SH	1049
603508.SH	2521
002078.SZ	4769
002119.SZ	4625
001301.SZ	908
001260.SZ	878
000700.SZ	6999
000661.SZ	7108
688837.SH	23
600296.SH	1562
601311.SH	3698
600671.SH	7514
600710.SH	6818
000035.SZ	6758
300798.SZ	1661
600025.SH	2131
002837.SZ	2290
002956.SZ	1767
301399.SZ	814
600530.SH	5855
603933.SH	2232
000520.SZ	7252
600783.SH	6965
600205.SH	1799
000793.SZ	6569
600998.SH	3843
688258.SH	1650
688339.SH	1478
000988.SZ	6303
002258.SZ	4389
300871.SZ	1478
002339.SZ	3990
300910.SZ	1415
603728.SH	2282
600315.SH	5890
600693.SH	7888
001282.SZ	813
000683.SZ	6952
600420.SH	5250
601021.SH	2816
000551.SZ	7840
000430.SZ	6995
603823.SH	2373
300800.SZ	1673
002229.SZ	4427
300961.SZ	1334
002348.SZ	3893
603759.SH	1336
603638.SH	2351
600888.SH	7281
688229.SH	1483
688348.SH	1047
000898.SZ	6896
603020.SH	2800
002431.SZ	3791
688682.SH	1321
002550.SZ	3788
688265.SH	1151
003030.SZ	1388
603293.SH	112
002265.SZ	4283
002304.SZ	4092
002682.SZ	3378
688550.SH	1467
300657.SZ	2230
300736.SZ	2113
002899.SZ	2189
301256.SZ	1097
301337.SZ	811
600238.SH	6239
600359.SH	6463
300003.SZ	3988
300162.SZ	3654
300585.SZ	2355
301563.SZ	239
603605.SH	2153
603383.SH	2271
688521.SH	1473
002792.SZ	2553
002214.SZ	4358
002375.SZ	3956
603130.SH	936
603051.SH	1094
003041.SZ	1321
688375.SH	1015
002440.SZ	3878
002521.SZ	3827
000338.SZ	4657
300495.SZ	1998
301512.SZ	774
600249.SH	5451
600328.SH	5971
300072.SZ	3920
300113.SZ	3760
301227.SZ	970
002989.SZ	1527
300626.SZ	2315
300747.SZ	2006
300252.SZ	3525
300333.SZ	3457
600069.SH	5455
600108.SH	6965
301007.SZ	1281
301166.SZ	1151
300180.SZ	3625
300406.SZ	2897
301581.SZ	420
300567.SZ	2388
688660.SH	1303
688701.SH	1218
002034.SZ	5172
688287.SH	997
002155.SZ	4556
600826.SH	7854
000957.SZ	6369
000836.SZ	6136
002287.SZ	4137
688155.SH	1487
002660.SZ	3356
002701.SZ	3315
603310.SH	514
605179.SH	1394
603271.SH	379
605018.SH	1452
603696.SH	2591
301491.SZ	278
300477.SZ	2638
300516.SZ	2507
301076.SZ	1207
300090.SZ	2238
301117.SZ	1138
300223.SZ	3478
300342.SZ	3364
600018.SH	4768
600179.SH	6428
301622.SZ	441
000008.SZ	7974
002611.SZ	3413
002770.SZ	1591
688045.SH	1055
002397.SZ	3973
603786.SH	1689
605108.SH	1506
603200.SH	2267
605069.SH	1240
002045.SZ	5081
002124.SZ	4663
600857.SH	7758
600936.SH	2457
688611.SH	1327
000926.SZ	6499
603535.SH	2219
300127.SZ	3867
300046.SZ	3901
301526.SZ	667
300773.SZ	1802
300612.SZ	2167
600548.SH	5945
600429.SH	5330
301372.SZ	758
300394.SZ	2809
301213.SZ	1157
601028.SH	3205
000558.SZ	7511
002341.SZ	3344
300968.SZ	1323
688093.SH	1451
300809.SZ	1648
002220.SZ	2981
688515.SH	882
002515.SZ	3587
002474.SZ	3823
002093.SZ	4752
688220.SH	1139
600881.SH	7375
603065.SH	855
301303.SZ	876
301262.SZ	794
300284.SZ	3433
601138.SH	2016
601059.SH	869
300702.SZ	2189
300663.SZ	2262
600539.SH	5753
600458.SH	5591
000529.SZ	7015
301557.SZ	384
300156.SZ	2088
300037.SZ	3971
002183.SZ	4413
688330.SH	1446
003004.SZ	1414
688251.SH	1049
600991.SH	1709
601816.SH	1623
002564.SZ	3594
002405.SZ	3833
000981.SZ	5234
603014.SH	324
603175.SH	227
300919.SZ	1397
688183.SH	1357
002330.SZ	3981
300878.SZ	1478
002251.SZ	4348
603721.SH	2207
603355.SH	2767
688110.SH	1160
688071.SH	1252
002625.SZ	3308
688496.SH	906
603501.SH	2114
000912.SZ	6130
603087.SH	1518
002496.SZ	3827
688625.SH	1290
002110.SZ	4481
002071.SZ	3156
600863.SH	7739
001269.SZ	966
001308.SZ	1099
000668.SZ	6645
000709.SZ	6926
601318.SH	4694
601279.SH	1323
301123.SZ	1132
301042.SZ	1247
600719.SH	7053
600678.SH	7449
300522.SZ	2481
300443.SZ	2770
300791.SZ	1698
301616.SZ	367
300376.SZ	2956
301390.SZ	825
300217.SZ	3703
000802.SZ	6707
000963.SZ	6299
603197.SH	2274
002161.SZ	4476
601995.SH	1414
600973.SH	5215
600812.SH	7855
002586.SZ	3511
603324.SH	1329
688586.SH	1495
002735.SZ	2648
002654.SZ	3228
688161.SH	1273
300307.SZ	3485
300266.SZ	3249
301280.SZ	910
300681.SZ	2229
301667.SZ	185
000619.SZ	7147
000778.SZ	6985
001218.SZ	1203
001379.SZ	650
600768.SH	6862
600609.SH	8021
300553.SZ	2415
300432.SZ	2717
601369.SH	3934
601208.SH	3723
301152.SZ	989
301033.SZ	1245
000060.SZ	7102
600111.SH	6976
600070.SH	6620
601096.SH	669
002903.SZ	2175
002862.SZ	2301
600497.SH	5162
000755.SZ	6652
301598.SZ	429
600745.SH	6430
600624.SH	8151
300199.SZ	3604
601225.SH	3079
688718.SH	1254
688679.SH	1396
603268.SH	2665
605001.SH	1542
603309.SH	2748
002718.SZ	3044
002679.SZ	3401
001325.SZ	188
688813.SH	124
300089.SZ	2712
301488.SZ	786
600734.SH	6265
600655.SH	7866
000597.SZ	7237
000011.SZ	8179
600587.SH	5634
600160.SH	6736
601186.SH	4490
600001.SH	2787
002972.SZ	1636
002813.SZ	2366
603219.SH	1177
603378.SH	2181
605111.SH	1453
002769.SZ	2698
002608.SZ	3276
688608.SH	1402
003029.SZ	1396
002549.SZ	3682
002428.SZ	3944
603039.SH	2287
603158.SH	2764
688549.SH	739
688428.SH	974
300855.SZ	1500
600092.SH	2193
002880.SZ	2213
600475.SH	5443
603876.SH	2051
603917.SH	2140
000504.SZ	7607
600340.SH	5317
600221.SH	6237
300945.SZ	1363
300824.SZ	1522
688538.SH	1296
688459.SH	964
002538.SZ	3759
002459.SZ	3827
603048.SH	1181
603129.SH	2211
600331.SH	5690
600250.SH	5946
600565.SH	5078
600182.SH	6242
601005.SH	4308
002990.SZ	1541
603966.SH	2345
688068.SH	1694
300993.SZ	1299
688109.SH	1329
002068.SZ	4825
002109.SZ	4581
603518.SH	2737
600661.SH	7914
600700.SH	2185
600286.SH	1548
000710.SZ	6738
000671.SZ	6154
001311.SZ	871
001270.SZ	1044
600035.SH	5258
002827.SZ	2380
002946.SZ	1860
301389.SZ	950
601555.SH	3563
300788.SZ	1755
000025.SZ	7951
002019.SZ	5237
002178.SZ	4480
603569.SH	2460
603408.SH	1495
605286.SH	1330
688019.SH	1744
300883.SZ	1465
688178.SH	1610
300698.SZ	2202
600125.SH	6825
002856.SZ	2184
301299.SZ	958
002937.SZ	1940
601211.SH	2717
600396.SH	6023
600610.SH	7335
600771.SH	6986
001360.SZ	842
001201.SZ	1314
000761.SZ	6818
000600.SZ	7078
000693.SZ	2964
600683.SH	7883
601665.SH	1281
600305.SH	6160
603833.SH	2303
000541.SZ	7859
000420.SZ	7182
600551.SH	5621
603628.SH	2353
300810.SZ	1651
002239.SZ	3931
300971.SZ	1323
002358.SZ	3817
000888.SZ	6927
600898.SH	5764
688239.SH	1270
688358.SH	1654
000530.SZ	7843
600520.SH	5802
601121.SH	858
001382.SZ	371
000783.SZ	6765
600215.SH	6370
600793.SH	6905
605305.SH	1311
000998.SZ	6028
600988.SH	5000
688248.SH	1155
688329.SH	1335
603738.SH	2427
603659.SH	2105
002248.SZ	4170
300861.SZ	1478
002329.SZ	3897
300900.SZ	1436
002689.SZ	3430
300926.SZ	1387
300847.SZ	1510
605577.SH	1234
603298.SH	2368
688689.SH	1364
301568.SZ	687
300169.SZ	3532
300008.SZ	3922
600352.SH	5542
600233.SH	6245
601107.SH	4144
600080.SH	6999
601066.SH	2009
002892.SZ	2210
600506.SH	5700
600467.SH	5410
000090.SZ	6456
000516.SZ	7787
688799.SH	1265
601939.SH	4603
601858.SH	2353
300957.SZ	1337
300836.SZ	1538
002799.SZ	2444
605080.SH	1311
603388.SH	2127
600577.SH	5542
600416.SH	5747
600190.SH	6209
002982.SZ	1559
000406.SZ	2372
000567.SZ	7734
603815.SH	1675
300118.SZ	3748
300079.SZ	3957
600323.SH	6113
600242.SH	4673
301519.SZ	769
000333.SZ	3103
000626.SZ	6973
001227.SZ	1138
600757.SH	6845
600636.SH	7693
603886.SH	2367
600103.SH	6942
600062.SH	7000
300338.SZ	3334
002911.SZ	2148
300259.SZ	3636
002870.SZ	2233
600485.SH	3289
301658.SZ	363
000585.SZ	6011
603996.SH	1572
000003.SZ	2457
600595.SH	5732
301629.SZ	370
600172.SH	6614
002960.SZ	1730
300349.SZ	3228
002801.SZ	2495
300228.SZ	3650
001256.SZ	925
001337.SZ	867
000657.SZ	6168
000736.SZ	6479
688801.SH	24
600726.SH	7216
600647.SH	7385
000553.SZ	7520
301218.SZ	1103
301379.SZ	949
600422.SH	6153
600543.SH	5393
300619.SZ	2328
300778.SZ	1794
000681.SZ	5869
001280.SZ	199
601677.SH	3644
600691.SH	7637
600276.SH	6247
600317.SH	4497
605366.SH	1486
603489.SH	1670
002098.SZ	4455
688098.SH	1680
300802.SZ	1666
300963.SZ	1327
001390.SZ	326
000791.SZ	6885
600207.SH	6422
600366.SH	6176
601606.SH	1976
600781.SH	6190
000522.SZ	4561
603931.SH	1482
600532.SH	4760
300668.SZ	2255
300709.SZ	2172
601133.SH	839
301269.SZ	1000
301308.SZ	1005
300873.SZ	1478
300912.SZ	1399
688188.SH	1731
603599.SH	2761
002188.SZ	4380
600868.SH	7632
600909.SH	2377
000919.SZ	6465
000878.SZ	6650
300981.SZ	1315
605056.SH	1259
600027.SH	5189
600146.SH	4664
002835.SZ	2367
000156.SZ	4533
000037.SZ	7442
300448.SZ	2773
300529.SZ	2466
600673.SH	7518
600712.SH	7240
301049.SZ	1234
688835.SH	35
301128.SZ	1185
000702.SZ	7103
000663.SZ	6974
300891.SZ	1460
600819.SH	7739
600978.SH	3742
000968.SZ	6090
000809.SZ	6558
301038.SZ	1248
301159.SZ	1144
300439.SZ	2777
300558.SZ	2404
600602.SH	8374
600763.SH	6828
001213.SZ	1223
000612.SZ	6921
600056.SH	6915
600137.SH	6708
002925.SZ	2109
000046.SZ	6971
301015.SZ	1273
300192.SZ	3462
300414.SZ	2558
300575.SZ	2373
002869.SZ	2278
300240.SZ	3548
002908.SZ	2169
300321.SZ	3488
688026.SH	1619
002295.SZ	4029
688147.SH	911
002672.SZ	3403
002713.SZ	3027
002026.SZ	5230
688295.SH	1088
002147.SZ	3272
600834.SH	7795
600955.SH	1218
603556.SH	2401
300231.SZ	3699
002818.SZ	2402
300350.SZ	3233
002979.SZ	1571
301630.SZ	297
300465.SZ	2660
300504.SZ	2062
688818.SH	153
300082.SZ	3949
301105.SZ	906
002057.SZ	4638
002136.SZ	4675
688385.SH	1248
600845.SH	7580
688603.SH	783
603527.SH	2197
002603.SZ	3664
002762.SZ	2619
688057.SH	1427
688136.SH	1404
002385.SZ	3956
603373.SH	671
603212.SH	1555
605189.SH	1295
603281.SH	890
603707.SH	2233
603666.SH	2014
002277.SZ	4144
002316.SZ	3628
002690.SZ	3434
603153.SH	861
603032.SH	2207
002423.SZ	3791
688690.SH	1279
002542.SZ	3613
003022.SZ	1408
688277.SH	1502
688316.SH	1344
300011.SZ	3923
301196.SZ	1142
300170.SZ	3731
301571.SZ	509
300597.SZ	2345
000089.SZ	6828
300645.SZ	2283
300724.SZ	1972
301325.SZ	821
600099.SH	6856
603122.SH	1118
603043.SH	2249
688206.SH	1141
688367.SH	1275
002452.SZ	3775
002533.SZ	3794
603776.SH	2197
603617.SH	2245
603391.SH	524
605099.SH	1451
688533.SH	1322
002780.SZ	2615
002206.SZ	4490
002367.SZ	3948
301235.SZ	1129
600189.SH	6413
300634.SZ	2067
300755.SZ	1858
601588.SH	4826
300487.SZ	2723
301500.SZ	729
301086.SZ	1200
300101.SZ	3836
000861.SZ	6017
000900.SZ	6450
603095.SH	1566
002484.SZ	3879
002102.SZ	4404
002063.SZ	4776
600871.SH	7400
603226.SH	2251
300998.SZ	1292
688102.SH	1101
688063.SH	1392
002756.SZ	2630
002637.SZ	3525
688484.SH	844
300783.SZ	1750
301382.SZ	818
300364.SZ	2679
300205.SZ	3717
301131.SZ	1103
301050.SZ	1234
300530.SZ	2449
300451.SZ	2686
603257.SH	360
603336.SH	2374
002727.SZ	2880
002646.SZ	3584
688173.SH	1125
688012.SH	1735
300888.SZ	1460
000810.SZ	6403
000971.SZ	5459
603185.SH	1878
002173.SZ	4436
002012.SZ	5014
600961.SH	5276
600800.SH	7642
002594.SZ	3692
688727.SH	211
688646.SH	768
300541.SZ	2436
300420.SZ	2665
301021.SZ	1269
300315.SZ	3114
301292.SZ	783
300274.SZ	3593
300693.SZ	2204
300761.SZ	1849
300600.SZ	2346
300386.SZ	2981
301360.SZ	831
301201.SZ	1135
603838.SH	2428
603959.SH	2510
300135.SZ	3724
300054.SZ	3902
600688.SH	7872
001299.SZ	950
000698.SZ	6989
002507.SZ	3657
002466.SZ	3744
688353.SH	1023
002081.SZ	4752
688232.SH	1180
600893.SH	6744
000883.SZ	6595
603077.SH	3355
603116.SH	2732
002353.SZ	3921
688081.SH	1631
002232.SZ	4445
688507.SH	836
688466.SH	1553
600798.SH	6893
601399.SH	1530
300144.SZ	3747
300025.SZ	3692
000788.SZ	6864
001389.SZ	604
301311.SZ	928
300296.SZ	3354
301270.SZ	987
300710.SZ	2157
300671.SZ	2243
301697.SZ	32
603928.SH	2379
688576.SH	805
688191.SH	1318
002322.SZ	3938
002243.SZ	4421
603733.SH	2049
002191.SZ	4428
688322.SH	1026
003016.SZ	1439
601965.SH	3466
600983.SH	5153
002576.SZ	3378
002417.SZ	2950
000993.SZ	6260
603006.SH	2911
603167.SH	3413
603580.SH	2263
301027.SZ	1259
300426.SZ	2736
300547.SZ	2425
000059.SZ	7005
300695.SZ	2196
300272.SZ	3460
300313.SZ	3220
600128.SH	6966
603330.SH	2323
688175.SH	1084
002640.SZ	3419
002721.SZ	2676
688592.SH	756
000977.SZ	6257
000816.SZ	6895
603183.SH	2193
002592.SZ	3414
688721.SH	521
002014.SZ	5232
002175.SZ	4190
600806.SH	5453
600967.SH	5233
000028.SZ	7860
300203.SZ	3673
300362.SZ	1211
600038.SH	6085
600159.SH	6751
301602.SZ	407
300785.SZ	1749
601558.SH	2280
300457.SZ	2705
300536.SZ	2431
301056.SZ	1224
301137.SZ	1097
000906.SZ	6369
603093.SH	1715
603515.SH	2453
002065.SZ	4512
002104.SZ	4720
600877.SH	7122
600916.SH	1366
002482.SZ	3828
688631.SH	791
688750.SH	452
603341.SH	626
605128.SH	1462
603220.SH	1909
002631.SZ	3453
002750.SZ	2498
688065.SH	1482
002245.SZ	4398
002324.SZ	3979
688197.SH	1096
688411.SH	405
688570.SH	806
002411.SZ	2843
002570.SZ	3640
003010.SZ	1454
002197.SZ	4502
601963.SH	1366
600985.SH	5169
603586.SH	2304
000995.SZ	5445
603161.SH	2102
603000.SH	3504
600218.SH	6649
600379.SH	5539
300023.SZ	2975
300142.SZ	3582
601619.SH	2103
601778.SH	1545
300677.SZ	2231
300716.SZ	2150
300290.SZ	3250
301276.SZ	980
301317.SZ	893
002087.SZ	4249
688234.SH	1141
688355.SH	1307
600895.SH	7324
002460.SZ	3829
002501.SZ	3829
000885.SZ	6169
603110.SH	2174
605218.SH	1453
603071.SH	1159
603496.SH	2254
688501.SH	1262
688087.SH	1266
002234.SZ	4443
002355.SZ	3909
301207.SZ	1119
300380.SZ	3079
301366.SZ	970
300606.SZ	2343
300767.SZ	1820
601668.SH	4163
600269.SH	6303
600308.SH	6236
300052.SZ	3819
300133.SZ	3744
688605.SH	436
002130.SZ	4627
688383.SH	1314
002051.SZ	4696
600843.SH	7697
000932.SZ	6304
002383.SZ	3783
688130.SH	1010
688051.SH	1573
002605.SZ	3516
603214.SH	2062
603375.SH	647
301636.SZ	335
300356.SZ	2374
300237.SZ	3573
603989.SH	2762
301103.SZ	1097
300084.SZ	3848
301062.SZ	1219
600739.SH	7079
600658.SH	8003
300502.SZ	2568
300463.SZ	2755
001328.SZ	842
000729.SZ	7021
002715.SZ	3045
002674.SZ	3478
688141.SH	911
688020.SH	1744
002293.SZ	4108
603682.SH	1562
002141.SZ	4454
002020.SZ	5240
688293.SH	975
600832.SH	4998
000822.SZ	6777
600748.SH	7090
600629.SH	7408
300573.SZ	2381
301595.SZ	334
300412.SZ	2758
601228.SH	2308
300194.SZ	3574
301172.SZ	770
301013.SZ	1274
000639.SZ	6919
000758.SZ	7008
001238.SZ	975
001359.SZ	607
300327.SZ	3468
300246.SZ	3683
603899.SH	2836
000419.SZ	7256
000578.SZ	3415
300753.SZ	1889
300632.SZ	2304
600568.SH	5701
600409.SH	5559
301233.SZ	1027
601169.SH	4566
601008.SH	4702
300107.SZ	3903
301080.SZ	1202
300066.SZ	3958
300481.SZ	2713
603045.SH	2021
603124.SH	372
002535.SZ	3697
688786.SH	1233
002454.SZ	3878
688361.SH	816
688200.SH	1606
603611.SH	2752
002361.SZ	3923
300948.SZ	1352
002200.SZ	4394
300829.SZ	1561
002786.SZ	2612
688535.SH	836
301577.SZ	647
300591.SZ	2359
301190.SZ	1153
300176.SZ	3654
300017.SZ	4055
000509.SZ	7549
301323.SZ	794
601118.SH	3687
300722.SZ	2154
300643.SZ	2284
600519.SH	6012
600478.SH	5325
603660.SH	2384
603701.SH	2519
688425.SH	1280
002696.SZ	3208
300939.SZ	1372
002310.SZ	3853
300858.SZ	1498
002271.SZ	4356
603155.SH	1472
688310.SH	1654
688271.SH	994
002544.SZ	3644
002425.SZ	3754
688696.SH	1354
688569.SH	1474
688408.SH	1475
300875.SZ	1458
689009.SH	1437
603019.SH	2865
603178.SH	2309
003009.SZ	1454
002569.SZ	3212
002408.SZ	3792
000797.SZ	6978
001396.SZ	180
600787.SH	7094
601600.SH	4574
600360.SH	6103
600201.SH	6622
603856.SH	2160
603937.SH	2162
000524.SZ	7724
300289.SZ	3469
600455.SH	4731
301688.SZ	34
603068.SH	1810
603109.SH	1634
002518.SZ	3808
002479.SZ	3841
300965.SZ	1310
300804.SZ	791
688518.SH	1522
688479.SH	823
000555.SZ	7355
600545.SH	5370
300399.SZ	2897
001286.SZ	842
000301.SZ	6089
000687.SZ	5892
600311.SH	5078
600270.SH	4277
600697.SH	7900
600765.SH	7096
600604.SH	8158
600382.SH	6128
001215.SZ	1225
600131.SH	6800
600050.SH	5682
002923.SZ	2117
002842.SZ	2348
000040.SZ	7145
002738.SZ	2726
002659.SZ	3338
300897.SZ	1448
603248.SH	185
603329.SH	2115
601998.SH	4698
688659.SH	1334
600021.SH	5404
002952.SZ	1821
002833.SZ	2367
000031.SZ	7708
000150.SZ	5097
600292.SH	6129
600714.SH	7072
600675.SH	7692
000665.SZ	6941
688628.SH	1371
601888.SH	4054
300987.SZ	1308
002749.SZ	2803
002628.SZ	3589
603239.SH	2364
605050.SH	1455
603358.SH	2343
601011.SH	3751
600196.SH	6738
002984.SZ	1464
600410.SH	5299
600571.SH	5594
603813.SH	2188
000561.SZ	7150
000400.SZ	6862
300498.SZ	2641
301099.SZ	1177
600325.SH	5402
688219.SH	1422
688378.SH	1470
300830.SZ	1554
002219.SZ	4026
300951.SZ	1356
002378.SZ	3972
605500.SH	1398
603608.SH	2494
605086.SH	1322
301189.SZ	1151
600235.SH	6305
600354.SH	5373
300588.SZ	2357
600461.SH	5234
600500.SH	6351
600086.SH	5375
601101.SH	3895
000510.SZ	7903
603903.SH	2317
000096.SZ	6295
002268.SZ	4276
300841.SZ	1520
002309.SZ	3842
300920.SZ	1395
605196.SH	1308
603718.SH	2725
603679.SH	2253
688268.SH	1637
688309.SH	1505
603538.SH	2230
603459.SH	118
002048.SZ	5000
002129.SZ	4178
688048.SH	1089
688129.SH	1440
603990.SH	2376
000005.SZ	7240
000583.SZ	2538
600015.SH	5497
002807.SZ	2435
002966.SZ	1735
600593.SH	5752
000730.SZ	1658
000651.SZ	7018
001331.SZ	952
600641.SH	7831
600720.SH	7212
688807.SH	188
688039.SH	1648
688158.SH	1621
002039.SZ	5164
002158.SZ	4623
001221.SZ	283
000620.SZ	5868
601231.SH	3532
600630.SH	8095
600751.SH	6610
603880.SH	2124
600483.SH	5285
600064.SH	7056
600105.SH	6885
002876.SZ	2268
002917.SZ	2126
600123.SH	6673
300318.SZ	3370
002931.SZ	2036
300279.SZ	3324
002850.SZ	2327
301678.SZ	311
600777.SH	6774
600616.SH	8185
600390.SH	6036
000606.SZ	6162
000767.SZ	6916
001207.SZ	1278
001366.SZ	865
002599.SZ	3597
603188.SH	2844
688599.SH	1530
300885.SZ	1465
605033.SH	1217
600280.SH	6155
600706.SH	7222
600667.SH	7805
001317.SZ	1166
000677.SZ	6550
000716.SZ	6528
301609.SZ	288
600152.SH	6714
600033.SH	6176
002940.SZ	1916
300369.SZ	2983
002821.SZ	2395
300208.SZ	3259
000023.SZ	7249
300995.SZ	1297
688489.SH	927
605123.SH	1477
002489.SZ	3835
603098.SH	2374
605303.SH	1355
601968.SH	2725
300906.SZ	1431
300867.SZ	1478
000536.SZ	6990
601127.SH	2475
600526.SH	5775
000785.SZ	6834
301548.SZ	730
301429.SZ	837
600795.SH	6987
300149.SZ	3415
300028.SZ	1816
600372.SH	5622
600213.SH	5753
300977.SZ	1320
300816.SZ	1612
601919.SH	4495
601878.SH	2250
000695.SZ	6601
300138.SZ	3831
300059.SZ	3950
600303.SH	6097
600262.SH	6302
301539.SZ	597
301458.SZ	415
601702.SH	1468
600685.SH	7642
000426.SZ	6857
000547.SZ	7460
600557.SH	5767
600436.SH	5600
601156.SH	1287
603799.SH	2800
605117.SH	1320
002388.SZ	3823
000939.SZ	4414
000858.SZ	6756
600848.SH	7444
600929.SH	2061
688388.SH	1744
000722.SZ	6425
001323.SZ	1036
300468.SZ	2724
300509.SZ	2530
600653.SH	8388
600732.SH	6654
301069.SZ	1212
301108.SZ	1168
601333.SH	4792
603982.SH	1786
000017.SZ	7267
000591.SZ	7222
600007.SH	6625
600166.SH	6758
002815.SZ	2422
600581.SH	5632
601567.SH	3660
000948.SZ	6368
000829.SZ	6535
600839.SH	7743
600958.SH	2780
688298.SH	1615
605166.SH	1523
605007.SH	1428
603689.SH	2359
002298.SZ	3970
000066.SZ	6779
600491.SH	5361
600076.SH	6830
600117.SH	6858
002864.SZ	2146
002905.SZ	2175
001233.SZ	205
000753.SZ	7005
000632.SZ	7160
301018.SZ	1268
301179.SZ	1165
300419.SZ	2725
300578.SZ	2274
600622.SH	8140
600743.SH	6821
600256.SH	6275
600337.SH	6134
601003.SH	4571
601162.SH	1922
600184.SH	5410
301238.SZ	1040
002996.SZ	1474
301359.SZ	943
600563.SH	5739
300639.SZ	2300
300758.SZ	1845
603960.SH	2262
603801.SH	2246
000573.SZ	7736
000412.SZ	1662
300822.SZ	1588
300943.SZ	1353
600512.SH	5642
300648.SZ	2291
300729.SZ	2141
600094.SH	6120
601113.SH	3648
002886.SZ	2246
301328.SZ	981
000502.SZ	6775
600227.SH	6084
600346.SH	5736
605337.SH	1365
300853.SZ	1499
300932.SZ	1376
002403.SZ	3929
002562.SZ	3736
003002.SZ	1457
688257.SH	1195
002185.SZ	4546
688336.SH	1501
600997.SH	5312
000987.SZ	6136
603173.SH	891
603012.SH	2798
688185.SH	1485
002336.SZ	3688
688403.SH	996
688562.SH	814
603727.SH	2393
301683.SZ	122
300665.SZ	2243
300282.SZ	2828
301305.SZ	814
300031.SZ	3931
300150.SZ	3637
301551.SZ	485
688472.SH	802
688513.SH	1471
688095.SH	1467
002226.SZ	4102
002347.SZ	3884
603637.SH	2341
002095.SZ	4797
688226.SH	1268
688347.SH	753
600887.SH	7305
601900.SH	2465
002472.SZ	3879
002513.SZ	3632
000897.SZ	6530
603102.SH	1132
603063.SH	2226
301520.SZ	727
300040.SZ	3822
300121.SZ	3841
301215.SZ	1107
300392.SZ	1892
300614.SZ	1298
300775.SZ	1787
300687.SZ	2212
002849.SZ	2336
300260.SZ	3576
301286.SZ	1043
002928.SZ	2082
300301.SZ	3371
600389.SH	6028
301035.SZ	1253
601788.SH	4134
300434.SZ	2656
300555.SZ	2417
000965.SZ	6226
603191.SH	1072
605299.SH	1403
688652.SH	687
002580.SZ	3579
688733.SH	1240
002006.SZ	4996
002167.SZ	4455
600814.SH	7762
600975.SH	5256
603322.SH	2444
688006.SH	1744
688167.SH	1153
002652.SZ	3279
688580.SH	1503
002733.SZ	2857
601698.SH	1760
300445.SZ	2779
600299.SH	6137
301125.SZ	1047
300211.SZ	3703
002838.SZ	2336
300370.SZ	2984
002959.SZ	1720
301396.SZ	941
300797.SZ	1676
603353.SH	1572
603232.SH	2293
002623.SZ	3615
002742.SZ	2733
688077.SH	1501
688116.SH	1698
000875.SZ	5612
605389.SH	1322
603081.SH	2294
603507.SH	2155
603466.SH	2170
002077.SZ	4700
002116.SZ	4683
600865.SH	7654
002490.SZ	3866
688623.SH	803
300115.SZ	3865
300074.SZ	3914
301092.SZ	1191
300493.SZ	2615
603818.SH	2745
603979.SH	2734
300741.SZ	2083
300620.SZ	2311
301221.SZ	1155
603385.SH	2305
603603.SH	1632
002373.SZ	3729
002212.SZ	4260
603057.SH	970
603136.SH	2183
002527.SZ	3668
002446.SZ	3794
688373.SH	1005
688212.SH	1182
603869.SH	2702
603908.SH	2324
301331.SZ	973
300730.SZ	2134
300651.SZ	2282
300583.SZ	2361
301565.SZ	553
300164.SZ	3507
301182.SZ	1154
300005.SZ	4023
603026.SH	2754
688302.SH	1084
003036.SZ	1372
002556.SZ	3762
002437.SZ	3681
603713.SH	1992
688556.SH	1490
002684.SZ	2112
002302.SZ	3999
002263.SZ	3924
688122.SH	1744
002391.SZ	3987
002776.SZ	2049
002617.SZ	3286
603206.SH	1069
603367.SH	2181
605488.SH	1306
688776.SH	1230
688617.SH	1387
002122.SZ	4524
688391.SH	979
002043.SZ	5032
600930.SH	293
600851.SH	7806
603533.SH	2185
000920.SZ	6195
301111.SZ	1166
301070.SZ	1214
300096.SZ	3794
300510.SZ	2256
300471.SZ	2736
600598.SH	5846
300344.SZ	3209
300225.SZ	3510
601199.SH	3742
000588.SZ	1298
002153.SZ	4520
002032.SZ	5269
688281.SH	1108
600941.SH	1146
600820.SH	7800
688707.SH	1220
000830.SZ	6744
000951.SZ	6278
002707.SZ	2821
002666.SZ	3515
688153.SH	1084
688032.SH	1157
002281.SZ	4087
603690.SH	2263
605598.SH	1216
603277.SH	2195
603316.SH	2255
300335.SZ	3305
300254.SZ	3573
601089.SH	1031
301655.SZ	34
600488.SH	5983
000498.SZ	5775
301587.SZ	602
300561.SZ	2328
300400.SZ	2911
301160.SZ	1049
300186.SZ	1064
301001.SZ	1295
000667.SZ	6361
001266.SZ	1113
600716.SH	7061
600677.SH	6307
600290.SH	5453
000033.SZ	4953
600023.SH	3106
002950.SZ	1834
300379.SZ	2807
002831.SZ	2375
300218.SZ	3716
605133.SH	1358
688499.SH	1272
300985.SZ	1313
603088.SH	2872
002499.SZ	2859
000042.SZ	7474
301668.SZ	241
600133.SH	6560
600052.SH	6815
300308.SZ	3348
002921.SZ	2123
300269.SZ	3370
002840.SZ	2359
001217.SZ	1210
001376.SZ	704
000616.SZ	6142
000777.SZ	6974
601366.SH	2295
600380.SH	5993
600767.SH	6099
600606.SH	7967
603198.SH	2756
002589.SZ	3602
300895.SZ	1455
688589.SH	1502
300967.SZ	1325
300806.SZ	1660
601868.SH	1211
301529.SZ	737
301448.SZ	795
600695.SH	6616
300128.SZ	3709
300049.SZ	3814
600313.SH	5448
600272.SH	6112
000685.SZ	7064
600547.SH	5367
600426.SH	5839
603825.SH	2136
000557.SZ	6286
300916.SZ	1412
300877.SZ	1478
600536.SH	5847
601137.SH	3740
000526.SZ	7381
300159.SZ	3657
300038.SZ	2637
600362.SH	5917
600203.SH	6167
301558.SZ	724
301439.SZ	857
600785.SH	6987
000795.SZ	6846
600829.SH	7656
688288.SH	1673
000958.SZ	6294
000839.SZ	6811
002288.SZ	3449
603699.SH	3076
600066.SH	7035
600107.SH	6884
002915.SZ	2134
600481.SH	5505
603882.SH	2196
300409.SZ	2783
300568.SZ	2386
600632.SH	2738
600753.SH	6808
301008.SZ	1285
301169.SZ	1190
601233.SH	3721
000622.SZ	5114
001223.SZ	920
002398.SZ	3857
605066.SH	1489
603789.SH	2752
600858.SH	7451
600939.SH	2334
688398.SH	1611
000929.SZ	6360
000848.SZ	6908
301079.SZ	1191
688805.SH	185
301118.SZ	1179
300478.SZ	2650
300519.SZ	2488
600643.SH	7776
600722.SH	6924
001333.SZ	922
000732.SZ	5384
000653.SZ	1311
600591.SH	1703
601577.SH	1940
600017.SH	4810
600176.SH	6530
002805.SZ	2484
000581.SZ	6726
603992.SH	1719
000166.SZ	2807
000007.SZ	7669
603901.SH	2736
603860.SH	2223
600084.SH	6636
002896.SZ	2202
301259.SZ	1074
301338.SZ	998
600463.SH	5401
600502.SH	5507
300658.SZ	2256
300739.SZ	2098
601636.SH	3660
600237.SH	6245
600356.SH	6044
300843.SZ	1515
300922.SZ	1395
600246.SH	5954
600327.SH	5824
000563.SZ	7745
000402.SZ	7257
603970.SH	2152
603811.SH	2318
601595.SH	2455
600573.SH	5691
300629.SZ	2268
300748.SZ	1942
301228.SZ	1129
002986.SZ	1535
301349.SZ	980
300832.SZ	1550
300953.SZ	1342
002236.SZ	4437
688085.SH	1566
002357.SZ	3825
688503.SH	921
000887.SZ	6373
603112.SH	1460
603073.SH	858
002462.SZ	3798
002503.SZ	3032
688236.SH	1149
002085.SZ	4651
688357.SH	1653
600897.SH	7309
300050.SZ	3904
300131.SZ	3492
300604.SZ	2286
300765.SZ	1805
301205.SZ	979
300382.SZ	3066
000997.SZ	6143
603163.SH	962
603002.SH	3464
003012.SZ	1444
688247.SH	991
002195.SZ	4468
688326.SH	1079
601800.SH	3535
600987.SH	5277
002413.SZ	3712
002572.SZ	3725
603737.SH	2506
603656.SH	2314
002247.SZ	4321
002326.SZ	3951
688195.SH	1326
300292.SZ	3151
301315.SZ	793
300675.SZ	2233
300021.SZ	4071
300140.SZ	3636
600289.SH	6086
688828.SH	36
301135.SZ	1084
601688.SH	4019
300455.SZ	2632
300534.SZ	2421
301600.SZ	494
300787.SZ	1726
300201.SZ	3402
002828.SZ	2369
300360.SZ	2995
002949.SZ	1843
301386.SZ	849
688067.SH	1283
688106.SH	1525
002633.SZ	3291
688480.SH	932
002752.SZ	2719
603222.SH	2767
688633.SH	1339
002480.SZ	3839
002067.SZ	4831
002106.SZ	4627
600875.SH	7337
603517.SH	2315
605399.SH	1492
603091.SH	489
002859.SZ	2293
300270.SZ	3615
301296.SZ	985
002938.SZ	1945
300311.SZ	3343
300697.SZ	2193
601798.SH	3639
300424.SZ	2716
300545.SZ	2427
600399.SH	5931
301025.SZ	1255
002016.SZ	5247
002177.SZ	4542
600804.SH	7509
600965.SH	5186
002590.SZ	3678
000975.SZ	5863
603181.SH	2207
605289.SH	1316
603566.SH	2759
603407.SH	98
002642.SZ	3328
002723.SZ	2983
688590.SH	1410
688016.SH	1744
688177.SH	1603
603332.SH	1866
300720.SZ	2150
300641.SZ	2291
301321.SZ	996
603879.SH	2256
603918.SH	2661
300174.SZ	3745
301192.SZ	1001
300015.SZ	4085
300593.SZ	2315
301575.SZ	253
002546.SZ	3723
002427.SZ	3753
688312.SH	1531
688273.SH	1001
003026.SZ	1400
603036.SH	2375
603157.SH	1143
002312.SZ	3674
002273.SZ	4300
002694.SZ	3168
603285.SH	542
603662.SH	1733
603703.SH	2690
300483.SZ	2654
300105.SZ	3906
300064.SZ	2872
301082.SZ	1195
301231.SZ	981
300751.SZ	1913
300630.SZ	1943
603808.SH	2698
603969.SH	2818
688456.SH	1344
002363.SZ	3999
002202.SZ	4526
603613.SH	1738
603395.SH	447
688363.SH	1673
688202.SH	1674
002537.SZ	3663
002456.SZ	3841
603126.SH	2896
000820.SZ	5825
688717.SH	663
688676.SH	1350
002143.SZ	2612
002022.SZ	5310
688291.SH	944
600830.SH	7849
603267.SH	1791
603306.SH	2881
603680.SH	2085
605588.SH	1242
688143.SH	908
002291.SZ	3999
688022.SH	1743
002717.SZ	2900
002676.SZ	3249
000488.SZ	6176
600498.SH	5991
300325.SZ	2343
300244.SZ	3598
601099.SH	4526
301170.SZ	791
300196.SZ	3608
301011.SZ	1282
300571.SZ	2373
300410.SZ	2633
603790.SH	1938
603216.SH	1151
603377.SH	2541
002766.SZ	2599
002607.SZ	3499
002381.SZ	3961
688132.SH	965
688053.SH	1024
000851.SZ	6203
000930.SZ	6377
002132.SZ	4595
688381.SH	983
002053.SZ	4483
600841.SH	7730
688766.SH	1226
688607.SH	1371
300500.SZ	2520
301487.SZ	760
300461.SZ	2550
301101.SZ	1159
301060.SZ	1220
300086.SZ	3785
000598.SZ	7265
300354.SZ	3403
300235.SZ	3568
600588.SH	6095
300795.SZ	1682
300213.SZ	3503
300372.SZ	549
600028.SH	6047
600149.SH	6276
000159.SZ	6049
000038.SZ	5113
301046.SZ	1239
301127.SZ	1149
300447.SZ	2682
300526.SZ	1539
688621.SH	1262
002492.SZ	3574
002075.SZ	3888
002114.SZ	4557
600867.SH	7690
601881.SH	2350
600906.SH	1310
603505.SH	2286
000916.SZ	4118
000877.SZ	6600
603083.SH	2156
688075.SH	1179
688114.SH	980
002621.SZ	2883
002740.SZ	2051
603351.SH	1857
605138.SH	1195
603230.SH	1153
300436.SZ	2730
300557.SZ	2408
301037.SZ	1251
301156.SZ	1040
300262.SZ	3020
300303.SZ	3514
600059.SH	7065
600138.SH	6907
300685.SZ	2219
000049.SZ	7482
002650.SZ	3244
002731.SZ	2831
688582.SH	789
688004.SH	1527
688165.SH	1496
603320.SH	2287
605028.SH	1256
002004.SZ	5181
002165.SZ	4526
600816.SH	7343
600977.SH	2461
601991.SH	4764
002582.SZ	3596
000967.SZ	6096
000806.SZ	5655
603193.SH	717
603486.SH	2025
000895.SZ	6168
605369.SH	1461
603100.SH	2915
605208.SH	1350
603061.SH	867
002470.SZ	3781
002511.SZ	3805
002097.SZ	4677
688345.SH	1286
600885.SH	7163
002224.SZ	4351
688097.SH	1307
002345.SZ	3832
688511.SH	1249
300616.SZ	2324
300777.SZ	1790
301217.SZ	1130
300390.SZ	2886
301376.SZ	793
600279.SH	6215
600318.SH	5642
300042.SZ	4030
300123.SZ	3626
601678.SH	4024
301522.SZ	476
603725.SH	2183
688401.SH	998
688560.SH	1397
002255.SZ	4228
002334.SZ	4025
688187.SH	1224
000985.SZ	6300
605318.SH	1492
603171.SH	1273
603010.SH	2618
603596.SH	2044
688255.SH	1197
003000.SZ	1463
002187.SZ	4549
688334.SH	795
600995.SH	5295
002401.SZ	3890
002560.SZ	3639
601609.SH	1561
600208.SH	6411
600369.SH	5753
300033.SZ	4049
300152.SZ	3623
300280.SZ	2902
301266.SZ	1047
301307.SZ	832
300667.SZ	2239
300706.SZ	2184
603275.SH	750
688151.SH	1167
002283.SZ	4002
688030.SH	1695
002705.SZ	3084
002664.SZ	3319
603421.SH	2423
000832.SZ	1633
000953.SZ	6130
002151.SZ	4441
002030.SZ	5271
688283.SH	1123
600822.SH	7715
001228.SZ	1071
000629.SZ	6522
000748.SZ	4448
601238.SH	3510
300184.SZ	3451
301162.SZ	1071
301003.SZ	1293
600758.SH	7036
600639.SH	8043
300563.SZ	2399
301585.SZ	429
300402.SZ	2824
603889.SH	2737
300337.SZ	3389
300256.SZ	3507
000922.SZ	6377
688393.SH	1480
002120.SZ	4629
002041.SZ	5160
600853.SH	7698
688615.SH	485
603365.SH	2150
002774.SZ	2308
002615.SZ	3641
002393.SZ	3984
688120.SH	1047
688041.SH	990
603999.SH	2621
300346.SZ	3371
300227.SZ	3626
301626.SZ	470
000658.SZ	1296
000739.SZ	6980
001259.SZ	987
001338.SZ	938
600729.SH	6992
600648.SH	7931
300512.SZ	2512
300473.SZ	2670
601328.SH	4696
301113.SZ	1155
300094.SZ	3828
301072.SZ	1210
301180.SZ	1181
300166.SZ	3579
300007.SZ	3979
301567.SZ	653
300581.SZ	2373
300732.SZ	2090
300653.SZ	2277
600509.SH	5876
600468.SH	5827
301333.SZ	1008
301252.SZ	812
601108.SH	2163
601069.SH	2718
000519.SZ	7721
300929.SZ	1378
002300.SZ	4106
300848.SZ	1503
002261.SZ	4241
002686.SZ	3354
688435.SH	894
603297.SH	1951
603711.SH	2142
002554.SZ	3736
688686.SH	1391
002435.SZ	3281
688300.SH	1666
688261.SH	1125
301223.SZ	953
601179.SH	4033
601018.SH	3747
300743.SZ	2044
300622.SZ	2318
600578.SH	5726
600419.SH	5739
000409.SZ	6554
000568.SZ	7744
301516.SZ	679
300491.SZ	2520
300117.SZ	3470
301090.SZ	1196
300076.SZ	3850
688371.SH	1008
688210.SH	1152
601857.SH	4585
688796.SH	195
002444.SZ	3928
603055.SH	2187
688525.SH	907
002796.SZ	2462
002371.SZ	3936
300958.SZ	1335
002210.SZ	4277
300839.SZ	1512
603601.SH	2782
603387.SH	2235
002508.SZ	3843
002469.SZ	3801
603078.SH	2295
603119.SH	766
688508.SH	1501
688469.SH	824
300975.SZ	1319
300814.SZ	1242
300389.SZ	2949
600555.SH	4954
603956.SH	1846
000545.SZ	7145
601700.SH	3599
600687.SH	5950
600301.SH	6190
600260.SH	5339
000697.SZ	6697
001296.SZ	1153
300904.SZ	760
300865.SZ	1478
688579.SH	1505
688418.SH	1502
605555.SH	1195
002579.SZ	3464
002418.SZ	3746
003019.SZ	1423
603009.SH	2886
603168.SH	2951
600370.SH	5588
600211.SH	6352
600797.SH	6935
001386.SZ	229
000787.SZ	2365
300299.SZ	3167
000534.SZ	7408
603927.SH	1710
000021.SZ	7816
600150.SH	6661
600031.SH	5596
002942.SZ	1895
002823.SZ	2374
000675.SZ	1304
600704.SH	7090
600665.SH	7915
600282.SH	6175
601898.SH	4521
688759.SH	225
688638.SH	781
603229.SH	2282
603348.SH	2044
002759.SZ	2676
002638.SZ	3232
300997.SZ	1292
001205.SZ	1306
000765.SZ	1546
600392.SH	5321
600775.SH	7064
600614.SH	6375
000050.SZ	7366
600121.SH	6770
002933.SZ	1957
002852.SZ	2321
603258.SH	2412
603339.SH	2516
300887.SZ	1461
002728.SZ	2825
002649.SZ	3509
688728.SH	1239
601988.SH	4903
300598.SZ	2346
301199.SZ	1166
600225.SH	5276
600096.SH	6756
601111.SH	4818
002884.SZ	2233
600510.SH	5782
603708.SH	2378
603669.SH	2756
302132.SZ	3816
605186.SH	1398
002278.SZ	3941
300851.SZ	1494
002319.SZ	3853
300930.SZ	1377
688278.SH	1622
688319.SH	1288
000571.SZ	7431
000410.SZ	7169
603803.SH	2291
600400.SH	6054
600561.SH	5759
601001.SH	4740
600186.SH	6560
301089.SZ	1190
600335.SH	5868
300488.SZ	2593
688209.SH	1069
688368.SH	1670
603779.SH	2507
603618.SH	2796
300820.SZ	1609
002209.SZ	4353
300941.SZ	1364
002368.SZ	3792
688029.SH	1742
688148.SH	1246
605005.SH	1379
002029.SZ	5316
002148.SZ	4563
603559.SH	2303
600620.SH	8115
600741.SH	7131
000751.SZ	6589
000630.SZ	6996
001231.SZ	995
600074.SH	4753
600115.SH	6804
002866.SZ	2214
002907.SZ	2167
600493.SH	5391
603890.SH	2134
002058.SZ	4844
002139.SZ	4628
603528.SH	2527
688058.SH	1676
688139.SH	1671
600583.SH	5922
600005.SH	4097
002817.SZ	2413
002976.SZ	1593
000593.SZ	7170
603980.SH	2251
000015.SZ	2008
600651.SH	8558
600730.SH	7110
000720.SZ	6786
