603360.SH	2345
300672.SZ	2215
300829.SZ	1561
300798.SZ	1661
300785.SZ	1749
300860.SZ	1478
300975.SZ	1319
300811.SZ	1635
601789.SH	3483
300517.SZ	2476
300328.SZ	3432
300602.SZ	2347
300401.SZ	2895
600730.SH	7110
300592.SZ	2330
300586.SZ	2271
600562.SH	5632
603378.SH	2181
603306.SH	2881
603281.SH	890
603083.SH	2156
603380.SH	2252
002581.SZ	3619
600497.SH	5162
601886.SH	3635
002437.SZ	3681
002203.SZ	4297
002460.SZ	3829
000428.SZ	7103
001309.SZ	1030
001388.SZ	304
002273.SZ	4300
000036.SZ	7614
003011.SZ	1451
002515.SZ	3587
002973.SZ	1631
003031.SZ	1380
002738.SZ	2726
002564.SZ	3594
002617.SZ	3286
002654.SZ	3228
301013.SZ	1274
000002.SZ	8502
301092.SZ	1191
688571.SH	1405
300620.SZ	2311
301095.SZ	1005
301058.SZ	1222
300642.SZ	2293
688222.SH	1565
688510.SH	1402
688513.SH	1471
688332.SH	1020
688313.SH	1477
688448.SH	973
688388.SH	1744
688308.SH	1406
301317.SZ	893
688608.SH	1402
301319.SZ	967
688130.SH	1010
688520.SH	1521
688138.SH	1663
301266.SZ	1042
301191.SZ	1055
603838.SH	2428
301555.SZ	707
605507.SH	1250
603678.SH	2821
605318.SH	1492
603613.SH	1738
603459.SH	118
301606.SZ	527
688617.SH	1387
600184.SH	5410
688615.SH	485
301321.SZ	996
688759.SH	225
600186.SH	6560
688686.SH	1391
600438.SH	5275
600383.SH	6039
000008.SZ	7974
000003.SZ	2423
000004.SZ	8259
000010.SZ	6495
000009.SZ	8398
000013.SZ	2914
000007.SZ	7669
000016.SZ	8196
000015.SZ	1974
000014.SZ	8189
000017.SZ	7267
000018.SZ	6476
000005.SZ	7206
000001.SZ	8487
000024.SZ	5212
000026.SZ	7993
000020.SZ	7847
000025.SZ	7951
000023.SZ	7215
000029.SZ	6943
000030.SZ	7158
000027.SZ	7891
000028.SZ	7860
000034.SZ	7101
000033.SZ	4919
000031.SZ	7708
000038.SZ	5079
000035.SZ	6758
000040.SZ	7111
000039.SZ	7770
603366.SH	3488
000421.SZ	7124
000415.SZ	6585
000417.SZ	7238
000413.SZ	6442
000411.SZ	6844
000418.SZ	5181
000425.SZ	7140
000405.SZ	1638
000403.SZ	5552
000409.SZ	6554
000426.SZ	6857
000407.SZ	7059
000408.SZ	6835
000404.SZ	7238
000401.SZ	7085
000333.SZ	3103
000338.SZ	4657
000166.SZ	2807
000158.SZ	6201
000157.SZ	6160
000159.SZ	6049
000400.SZ	6862
000423.SZ	7151
000402.SZ	7257
000069.SZ	6900
000068.SZ	6476
000065.SZ	6654
000066.SZ	6779
000063.SZ	6840
000088.SZ	6920
000156.SZ	4533
000155.SZ	5639
000078.SZ	6626
000096.SZ	6295
000420.SZ	7182
000419.SZ	7256
000090.SZ	6456
000100.SZ	5154
000042.SZ	7474
000153.SZ	5903
000046.SZ	6937
000406.SZ	2338
000058.SZ	6685
000049.SZ	7482
000048.SZ	7489
000099.SZ	6173
000061.SZ	6913
000059.SZ	7005
000047.SZ	1814
000050.SZ	7366
000055.SZ	7306
000564.SZ	7369
000561.SZ	7150
000559.SZ	7862
000151.SZ	6260
000563.SZ	7745
000560.SZ	7310
000562.SZ	4777
000565.SZ	7682
000531.SZ	7746
000530.SZ	7843
000529.SZ	7015
000533.SZ	7666
000525.SZ	7856
000554.SZ	7868
000532.SZ	7779
000528.SZ	7892
000542.SZ	2425
000549.SZ	3055
000547.SZ	7460
000548.SZ	7870
000545.SZ	7145
000546.SZ	7419
000514.SZ	7891
000537.SZ	7716
000522.SZ	4527
000535.SZ	2730
000523.SZ	7774
000536.SZ	6990
000521.SZ	7888
000517.SZ	7053
000519.SZ	7721
000515.SZ	3182
000516.SZ	7787
000507.SZ	8035
000509.SZ	7549
000504.SZ	7607
000503.SZ	7889
000508.SZ	0
000505.SZ	7774
000518.SZ	7470
000506.SZ	7182
000543.SZ	7873
000552.SZ	7584
000541.SZ	7859
000555.SZ	7355
000540.SZ	6554
000553.SZ	7520
000538.SZ	7719
000556.SZ	1698
000502.SZ	6741
000488.SZ	6176
000501.SZ	8068
000430.SZ	6995
000429.SZ	6661
000557.SZ	6286
000558.SZ	7511
000569.SZ	3507
000511.SZ	5550
000513.SZ	7682
000510.SZ	7903
603527.SH	2197
000598.SZ	7265
000601.SZ	7158
000595.SZ	7113
000602.SZ	3826
000594.SZ	4262
000597.SZ	7237
000591.SZ	7222
000589.SZ	7349
000590.SZ	7156
000592.SZ	6672
000586.SZ	6967
000587.SZ	5879
000584.SZ	6706
000585.SZ	5977
000581.SZ	6726
000582.SZ	7062
000583.SZ	2504
000573.SZ	7736
000571.SZ	7431
000576.SZ	7579
000572.SZ	7723
000570.SZ	7759
000721.SZ	6893
000717.SZ	6963
000719.SZ	5922
000699.SZ	2193
000718.SZ	6742
000700.SZ	6999
000697.SZ	6697
000701.SZ	7103
000707.SZ	6963
000626.SZ	6973
000695.SZ	6601
000708.SZ	6969
000705.SZ	7053
000698.SZ	6989
000689.SZ	1259
000688.SZ	5432
000687.SZ	5858
000692.SZ	7024
000690.SZ	7076
000691.SZ	6566
000685.SZ	7064
000686.SZ	6919
000709.SZ	6926
000682.SZ	6865
000678.SZ	6818
000603.SZ	6461
000679.SZ	6973
000710.SZ	6738
000680.SZ	7105
000681.SZ	5869
000715.SZ	6782
000726.SZ	6147
000722.SZ	6425
000712.SZ	6772
000723.SZ	6549
000606.SZ	6128
000711.SZ	6588
000713.SZ	6934
000677.SZ	6550
000668.SZ	6645
000676.SZ	6859
000669.SZ	6884
000673.SZ	5647
000675.SZ	1270
000672.SZ	5552
000670.SZ	4869
000653.SZ	1277
000657.SZ	6168
000662.SZ	5431
000660.SZ	1759
000663.SZ	6974
000656.SZ	6726
000659.SZ	7028
000655.SZ	6895
000623.SZ	7109
000666.SZ	6107
000628.SZ	6705
000629.SZ	6522
000625.SZ	6857
000621.SZ	1778
000630.SZ	6996
000620.SZ	5868
000636.SZ	6976
000638.SZ	5457
000609.SZ	7075
000633.SZ	6291
000650.SZ	6860
000635.SZ	7069
000637.SZ	7156
000631.SZ	6449
000639.SZ	6919
000613.SZ	5490
000617.SZ	7040
000615.SZ	6949
000651.SZ	7018
000619.SZ	7147
000612.SZ	6921
000616.SZ	6108
000618.SZ	2114
000607.SZ	6978
000610.SZ	7067
000665.SZ	6941
000732.SZ	5350
000728.SZ	6782
000727.SZ	6901
000730.SZ	1624
000729.SZ	7021
000731.SZ	6993
000735.SZ	7008
000851.SZ	6169
000856.SZ	6695
000850.SZ	6574
000852.SZ	6536
000828.SZ	6799
000826.SZ	6601
000863.SZ	5562
000759.SZ	6898
000827.SZ	1544
000868.SZ	6889
000829.SZ	6535
000830.SZ	6744
000823.SZ	6971
000818.SZ	6472
000816.SZ	6895
000836.SZ	6102
000817.SZ	1811
000822.SZ	6777
000821.SZ	6602
000815.SZ	6416
000835.SZ	5149
000807.SZ	6720
000810.SZ	6403
000813.SZ	6376
000811.SZ	6724
000832.SZ	1599
000812.SZ	6467
000833.SZ	6482
000838.SZ	6796
000861.SZ	5983
000839.SZ	6811
000859.SZ	6653
000862.SZ	6329
000860.SZ	6664
000805.SZ	1886
000837.SZ	6656
000793.SZ	6569
000787.SZ	2331
000790.SZ	6756
000785.SZ	6834
000788.SZ	6864
000792.SZ	6442
000783.SZ	6765
000786.SZ	6900
000768.SZ	6919
000767.SZ	6916
000801.SZ	6745
000769.SZ	1892
000803.SZ	6545
000777.SZ	6974
000802.SZ	6707
000776.SZ	6169
000758.SZ	7008
000782.SZ	6918
000796.SZ	6493
000795.SZ	6846
000766.SZ	6629
000763.SZ	1974
000797.SZ	6978
000779.SZ	6861
000751.SZ	6589
000800.SZ	7019
000737.SZ	7015
000739.SZ	6980
000750.SZ	5871
000799.SZ	6841
000748.SZ	4414
000738.SZ	6953
000755.SZ	6652
000753.SZ	7005
000878.SZ	6650
000757.SZ	5349
000880.SZ	6616
000881.SZ	6576
000798.SZ	6779
000882.SZ	6653
000756.SZ	6920
000760.SZ	5148
000877.SZ	6600
000889.SZ	6481
000887.SZ	6373
000893.SZ	6283
000885.SZ	6169
000886.SZ	6866
000890.SZ	6473
000883.SZ	6595
000913.SZ	6525
000910.SZ	6517
000908.SZ	6253
000918.SZ	5114
000915.SZ	6568
000909.SZ	6569
000912.SZ	6130
000911.SZ	6487
000898.SZ	6896
000906.SZ	6369
000919.SZ	6465
000920.SZ	6195
000902.SZ	6431
000901.SZ	6433
000900.SZ	6450
000905.SZ	6360
000899.SZ	6853
000875.SZ	5612
000923.SZ	6385
000922.SZ	6377
000895.SZ	6168
000897.SZ	6530
000921.SZ	6188
000925.SZ	5852
000926.SZ	6499
000937.SZ	6466
000932.SZ	6304
000948.SZ	6368
000931.SZ	6286
000930.SZ	6377
000933.SZ	6468
000938.SZ	6275
000963.SZ	6299
000966.SZ	6358
000969.SZ	6245
000970.SZ	6330
000961.SZ	5574
000968.SZ	6090
000960.SZ	6293
000967.SZ	6096
000985.SZ	6300
000990.SZ	6040
000980.SZ	6117
000989.SZ	6208
000982.SZ	4971
000993.SZ	6260
000981.SZ	5234
000988.SZ	6303
000983.SZ	6288
000978.SZ	6270
000979.SZ	3980
000997.SZ	6143
000996.SZ	5243
000973.SZ	6191
000976.SZ	5396
000977.SZ	6257
000975.SZ	5863
000971.SZ	5425
000958.SZ	6294
000999.SZ	6168
000955.SZ	6270
000956.SZ	1517
000998.SZ	6028
000953.SZ	6130
000951.SZ	6278
000952.SZ	6319
000950.SZ	5869
000929.SZ	6360
001209.SZ	1256
000927.SZ	6441
001210.SZ	1252
000949.SZ	6429
001221.SZ	283
001202.SZ	1313
001212.SZ	1233
001205.SZ	1306
001213.SZ	1223
001203.SZ	1309
001211.SZ	1247
001201.SZ	1314
001225.SZ	874
001219.SZ	1199
001222.SZ	996
001218.SZ	1203
001220.SZ	157
001227.SZ	1138
001223.SZ	920
001267.SZ	1176
001260.SZ	878
001258.SZ	1012
001266.SZ	1113
001259.SZ	987
001269.SZ	966
001268.SZ	1031
001256.SZ	925
001314.SZ	871
001308.SZ	1099
001300.SZ	958
001312.SZ	109
001299.SZ	950
001316.SZ	1035
001301.SZ	908
001311.SZ	871
001313.SZ	1121
001228.SZ	1071
001216.SZ	1201
001233.SZ	205
001232.SZ	38
001229.SZ	1004
001215.SZ	1225
001230.SZ	1020
001237.SZ	89
001238.SZ	975
001234.SZ	1142
001277.SZ	500
001270.SZ	1044
001246.SZ	0
001239.SZ	677
001328.SZ	842
001326.SZ	700
001325.SZ	188
001317.SZ	1166
001283.SZ	984
001286.SZ	842
001287.SZ	842
001298.SZ	950
001296.SZ	1153
001289.SZ	1133
001288.SZ	1192
001322.SZ	953
001318.SZ	1059
001323.SZ	1036
001319.SZ	1065
001324.SZ	815
001279.SZ	479
001278.SZ	864
001369.SZ	180
001331.SZ	952
001333.SZ	922
001330.SZ	996
001332.SZ	974
001337.SZ	867
001336.SZ	1014
001367.SZ	842
001365.SZ	93
001366.SZ	865
001368.SZ	861
001339.SZ	999
001338.SZ	938
001360.SZ	842
001356.SZ	406
001391.SZ	423
002003.SZ	5247
001379.SZ	650
001393.SZ	94
001380.SZ	819
001378.SZ	708
001386.SZ	229
001390.SZ	326
001382.SZ	371
001914.SZ	7547
001399.SZ	65
001896.SZ	6697
001400.SZ	348
001396.SZ	180
001979.SZ	2594
001965.SZ	2125
001696.SZ	6839
001872.SZ	7752
002002.SZ	4239
002008.SZ	5324
002007.SZ	5336
002005.SZ	5072
002001.SZ	5352
002012.SZ	5014
002010.SZ	5230
002019.SZ	5237
002020.SZ	5240
002018.SZ	3331
002016.SZ	5247
002006.SZ	4996
002017.SZ	5316
002014.SZ	5232
002015.SZ	4806
002023.SZ	5333
002025.SZ	5148
002030.SZ	5271
002022.SZ	5310
002021.SZ	4964
002029.SZ	5316
002026.SZ	5230
002028.SZ	5337
002038.SZ	5308
002034.SZ	5172
002031.SZ	5275
002033.SZ	5213
002035.SZ	5263
002036.SZ	5189
002032.SZ	5269
002037.SZ	5105
002040.SZ	5039
002043.SZ	5032
002044.SZ	4830
002048.SZ	5000
002049.SZ	4840
002046.SZ	5036
002042.SZ	4936
002050.SZ	4953
002045.SZ	5081
002059.SZ	4532
002052.SZ	4601
002060.SZ	4826
002055.SZ	4788
002058.SZ	4844
002056.SZ	4874
002054.SZ	4866
002053.SZ	4483
002070.SZ	2312
002064.SZ	4858
002067.SZ	4831
002069.SZ	4666
002065.SZ	4512
002066.SZ	4856
002062.SZ	4827
002063.SZ	4776
002074.SZ	4616
002072.SZ	4297
002077.SZ	4700
002075.SZ	3888
002078.SZ	4769
002071.SZ	3122
002080.SZ	4667
002076.SZ	4504
002073.SZ	4786
002087.SZ	4215
002084.SZ	4745
002081.SZ	4752
002088.SZ	4731
002089.SZ	3899
002082.SZ	4432
002083.SZ	4801
002092.SZ	4611
002090.SZ	4660
002094.SZ	4577
002095.SZ	4797
002093.SZ	4752
002091.SZ	4657
002118.SZ	3850
002117.SZ	4727
002121.SZ	4554
002112.SZ	4418
002116.SZ	4683
002114.SZ	4557
002119.SZ	4625
002115.SZ	4566
002110.SZ	4481
002097.SZ	4677
002103.SZ	4460
002105.SZ	4759
002102.SZ	4404
002104.SZ	4720
002129.SZ	4178
002101.SZ	4664
002130.SZ	4627
002099.SZ	4588
002125.SZ	4585
002108.SZ	4718
002139.SZ	4628
002123.SZ	4586
002124.SZ	4663
002140.SZ	4643
002122.SZ	4524
002107.SZ	4743
002134.SZ	4559
002149.SZ	4459
002126.SZ	4631
002135.SZ	4651
002128.SZ	4538
002133.SZ	4689
002150.SZ	4565
002131.SZ	4355
002145.SZ	4260
002146.SZ	4589
002138.SZ	4664
002143.SZ	2578
002144.SZ	4607
002136.SZ	4675
002160.SZ	4346
002142.SZ	4643
002153.SZ	4520
002169.SZ	4528
002152.SZ	4578
002156.SZ	4534
002154.SZ	4616
002157.SZ	4527
002170.SZ	4493
002151.SZ	4441
002159.SZ	4475
002158.SZ	4623
002163.SZ	4466
002167.SZ	4455
002161.SZ	4476
002180.SZ	4241
002166.SZ	4478
002165.SZ	4526
002162.SZ	4483
002174.SZ	4338
002171.SZ	4363
002148.SZ	4563
002173.SZ	4436
002188.SZ	4380
002172.SZ	4505
002168.SZ	4188
002186.SZ	4549
002185.SZ	4546
002197.SZ	4502
002179.SZ	4577
002175.SZ	4190
002184.SZ	4521
002178.SZ	4480
002187.SZ	4549
002181.SZ	4468
002215.SZ	4445
002182.SZ	4556
002213.SZ	4450
002216.SZ	4496
002210.SZ	4277
002214.SZ	4358
002183.SZ	4413
002228.SZ	4313
002229.SZ	4427
002230.SZ	4380
002231.SZ	4150
002232.SZ	4445
002233.SZ	4408
002190.SZ	4307
002200.SZ	4394
002198.SZ	4397
002193.SZ	4325
002191.SZ	4428
002192.SZ	4434
002199.SZ	4319
002196.SZ	4397
002205.SZ	4504
002209.SZ	4353
002201.SZ	4324
002217.SZ	4303
002202.SZ	4526
002208.SZ	4459
002218.SZ	4491
002206.SZ	4490
002225.SZ	4343
002224.SZ	4351
002223.SZ	4400
002220.SZ	2947
002221.SZ	4453
002226.SZ	4102
002219.SZ	4026
002235.SZ	4239
002250.SZ	4410
002255.SZ	4228
002248.SZ	4170
002247.SZ	4321
002249.SZ	4316
002256.SZ	4050
002252.SZ	3944
002251.SZ	4348
002254.SZ	4365
002260.SZ	2235
002270.SZ	4179
002238.SZ	4295
002237.SZ	4428
002245.SZ	4398
002240.SZ	4167
002241.SZ	4429
002242.SZ	4419
002244.SZ	4434
002266.SZ	4244
002265.SZ	4283
002246.SZ	4218
002262.SZ	4411
002261.SZ	4241
002263.SZ	3924
002267.SZ	4389
002258.SZ	4389
002264.SZ	4192
002268.SZ	4276
002277.SZ	4144
002272.SZ	4162
002269.SZ	4335
002274.SZ	4322
002276.SZ	4078
002271.SZ	4356
002283.SZ	4002
002289.SZ	3689
002291.SZ	3999
002279.SZ	4006
002287.SZ	4137
002280.SZ	3334
002292.SZ	3988
002282.SZ	3975
002300.SZ	4106
002314.SZ	3887
002315.SZ	4075
002316.SZ	3628
002313.SZ	3943
002285.SZ	4108
002312.SZ	3674
002286.SZ	3987
002311.SZ	4064
002331.SZ	3721
002332.SZ	4031
002329.SZ	3897
002336.SZ	3654
002328.SZ	3991
002330.SZ	3981
002327.SZ	4053
002334.SZ	4025
002349.SZ	3815
002354.SZ	3702
002356.SZ	3729
002350.SZ	3994
002355.SZ	3909
002347.SZ	3884
002351.SZ	4009
002348.SZ	3893
002299.SZ	3989
002296.SZ	3978
002295.SZ	4029
002303.SZ	3967
002302.SZ	3999
002294.SZ	4135
002293.SZ	4108
002297.SZ	3879
002305.SZ	4008
002307.SZ	4068
002318.SZ	4043
002319.SZ	3853
002306.SZ	3674
002309.SZ	3842
002304.SZ	4092
002308.SZ	3426
002338.SZ	3999
002323.SZ	3609
002337.SZ	4008
002339.SZ	3990
002324.SZ	3979
002322.SZ	3938
002325.SZ	3398
002321.SZ	4007
002357.SZ	3825
002342.SZ	4016
002343.SZ	3855
002345.SZ	3832
002340.SZ	3962
002346.SZ	3853
002344.SZ	3942
002366.SZ	3811
002365.SZ	4019
002359.SZ	2280
002367.SZ	3948
002358.SZ	3817
002368.SZ	3792
002363.SZ	3999
002362.SZ	4020
002361.SZ	3923
002369.SZ	3767
002371.SZ	3936
002372.SZ	4004
002377.SZ	3796
002373.SZ	3729
002375.SZ	3956
002384.SZ	3789
002393.SZ	3984
002385.SZ	3956
002424.SZ	3942
002378.SZ	3972
002433.SZ	3310
002392.SZ	3847
002381.SZ	3961
002379.SZ	3645
002391.SZ	3987
002430.SZ	3934
002432.SZ	3913
002387.SZ	3827
002386.SZ	3955
002427.SZ	3753
002388.SZ	3823
002476.SZ	3740
002425.SZ	3754
002426.SZ	3629
002428.SZ	3944
002412.SZ	3842
002465.SZ	3755
002443.SZ	3687
002469.SZ	3801
002444.SZ	3928
002410.SZ	3925
002471.SZ	3777
002447.SZ	2568
002472.SZ	3879
002445.SZ	3592
002413.SZ	3712
002466.SZ	3744
002449.SZ	3880
002451.SZ	3776
002474.SZ	3823
002382.SZ	3808
002446.SZ	3794
002475.SZ	3864
002448.SZ	3923
002450.SZ	1943
002467.SZ	3829
002470.SZ	3781
002464.SZ	2265
002473.SZ	2387
002479.SZ	3841
002455.SZ	3873
002435.SZ	3247
002453.SZ	3711
002420.SZ	3949
002423.SZ	3791
002436.SZ	3793
002478.SZ	3802
002452.SZ	3775
002454.SZ	3878
002439.SZ	3703
002463.SZ	3903
002442.SZ	3640
002461.SZ	3860
002458.SZ	3804
002462.SZ	3798
002459.SZ	3827
002456.SZ	3841
002399.SZ	3745
002406.SZ	3945
002398.SZ	3857
002422.SZ	3936
002397.SZ	3973
002415.SZ	3913
002401.SZ	3891
002477.SZ	2017
002434.SZ	3808
002395.SZ	3945
002404.SZ	3934
002402.SZ	3951
002480.SZ	3840
002492.SZ	3574
002489.SZ	3835
002499.SZ	2825
002495.SZ	3851
002483.SZ	3728
002488.SZ	3841
002500.SZ	3731
002481.SZ	3753
002484.SZ	3879
002486.SZ	3647
002509.SZ	1909
002421.SZ	3846
002417.SZ	2916
002408.SZ	3792
002506.SZ	3443
002498.SZ	3783
002416.SZ	3890
002418.SZ	3746
002502.SZ	2956
002414.SZ	3844
002510.SZ	3757
002490.SZ	3866
002409.SZ	3666
002508.SZ	3843
002497.SZ	3800
002493.SZ	3854
002494.SZ	3824
002505.SZ	3058
002503.SZ	2998
002487.SZ	3853
002485.SZ	3534
002982.SZ	1559
002991.SZ	1494
603336.SH	2374
002583.SZ	3673
002527.SZ	3668
002629.SZ	3292
002554.SZ	3736
002538.SZ	3759
002561.SZ	3782
002600.SZ	3437
002601.SZ	3587
002612.SZ	3459
002563.SZ	3761
002568.SZ	3695
002528.SZ	3700
002555.SZ	3500
002567.SZ	3543
002573.SZ	3503
002551.SZ	3632
002585.SZ	3713
002533.SZ	3794
002542.SZ	3613
002557.SZ	3741
002599.SZ	3597
002631.SZ	3453
002642.SZ	3328
002545.SZ	3563
002556.SZ	3762
002511.SZ	3805
002532.SZ	3703
002539.SZ	3774
002579.SZ	3464
002559.SZ	3712
002560.SZ	3639
002572.SZ	3725
002580.SZ	3579
002590.SZ	3678
002540.SZ	3796
002624.SZ	3237
002569.SZ	3212
002562.SZ	3736
002516.SZ	3797
002523.SZ	3718
002587.SZ	3591
002619.SZ	2128
002605.SZ	3516
002638.SZ	3232
002531.SZ	3772
002578.SZ	3576
002536.SZ	3800
002565.SZ	3698
002552.SZ	3694
002574.SZ	3565
002534.SZ	3764
002584.SZ	3492
002549.SZ	3682
002611.SZ	3413
002530.SZ	3654
002543.SZ	3767
002518.SZ	3808
002544.SZ	3644
002514.SZ	3600
002520.SZ	3631
002512.SZ	3421
002577.SZ	3594
002524.SZ	3578
002571.SZ	3350
002618.SZ	2582
002592.SZ	3414
002597.SZ	3666
002548.SZ	3701
002570.SZ	3640
002640.SZ	3419
002647.SZ	3023
002622.SZ	3234
002575.SZ	3297
002526.SZ	3627
002609.SZ	3646
002616.SZ	3537
002643.SZ	3466
002607.SZ	3499
002620.SZ	3585
002637.SZ	3525
002606.SZ	3461
002598.SZ	3621
002541.SZ	3798
002626.SZ	3530
002614.SZ	3616
002615.SZ	3641
002635.SZ	3502
002639.SZ	3387
002634.SZ	3575
002636.SZ	3482
002604.SZ	1716
002594.SZ	3692
002608.SZ	3276
002641.SZ	3593
002610.SZ	2857
002623.SZ	3615
002650.SZ	3244
002595.SZ	3702
002627.SZ	3588
002621.SZ	2849
002645.SZ	3429
002646.SZ	3584
002625.SZ	3308
002613.SZ	3651
002596.SZ	3443
002591.SZ	3549
002630.SZ	3353
002593.SZ	3685
603338.SH	2787
002659.SZ	3338
002712.SZ	2885
002655.SZ	3333
002680.SZ	1509
002714.SZ	3054
002672.SZ	3403
002770.SZ	1557
002787.SZ	2474
002685.SZ	3258
002690.SZ	3434
002692.SZ	3336
002683.SZ	3295
002796.SZ	2462
002691.SZ	3232
002676.SZ	3249
002657.SZ	3474
002789.SZ	2563
002682.SZ	3378
002703.SZ	3214
002689.SZ	3430
002670.SZ	3273
002681.SZ	3325
002679.SZ	3401
002668.SZ	3286
002673.SZ	3482
002733.SZ	2857
002753.SZ	2763
002661.SZ	3461
002768.SZ	2730
002660.SZ	3356
002665.SZ	2696
002740.SZ	2017
002697.SZ	3338
002729.SZ	2814
002725.SZ	2942
002653.SZ	3563
002678.SZ	3446
002765.SZ	2692
002788.SZ	2574
002783.SZ	2625
002701.SZ	3315
002751.SZ	1923
002723.SZ	2983
002705.SZ	3084
002736.SZ	2838
002797.SZ	2506
002748.SZ	2785
002721.SZ	2676
002743.SZ	2788
002761.SZ	2654
002671.SZ	3401
002755.SZ	2729
002709.SZ	3055
002775.SZ	2724
002726.SZ	2906
002706.SZ	3071
002656.SZ	3169
002702.SZ	3333
002773.SZ	2736
002759.SZ	2676
002780.SZ	2615
002776.SZ	2015
002713.SZ	3027
002766.SZ	2599
002694.SZ	3168
002739.SZ	2389
002792.SZ	2553
002779.SZ	2581
002716.SZ	2888
002700.SZ	3382
002735.SZ	2648
002718.SZ	3044
002772.SZ	2726
002693.SZ	3334
002782.SZ	2616
002760.SZ	2723
002781.SZ	1687
002785.SZ	2609
002762.SZ	2619
002747.SZ	2744
002786.SZ	2612
002791.SZ	2552
002778.SZ	2540
002711.SZ	1431
002737.SZ	2854
002730.SZ	2780
002746.SZ	2809
002793.SZ	2529
002732.SZ	2859
002698.SZ	3390
002750.SZ	2464
002695.SZ	3399
002757.SZ	2668
002728.SZ	2825
002758.SZ	2736
002719.SZ	2808
002769.SZ	2698
002731.SZ	2813
002675.SZ	3103
002767.SZ	2745
002777.SZ	2599
002696.SZ	3208
002727.SZ	2880
002752.SZ	2719
002724.SZ	2822
002742.SZ	2733
002795.SZ	2448
002774.SZ	2308
002749.SZ	2803
002715.SZ	3045
603379.SH	1818
002817.SZ	2413
002908.SZ	2169
002890.SZ	2213
002884.SZ	2233
002863.SZ	2296
002871.SZ	2280
002815.SZ	2422
002861.SZ	2297
002813.SZ	2366
002882.SZ	2235
002892.SZ	2210
002809.SZ	2418
002801.SZ	2495
002843.SZ	2351
002827.SZ	2380
002883.SZ	2238
002822.SZ	2383
002833.SZ	2367
002836.SZ	2356
002873.SZ	2264
002811.SZ	2439
002902.SZ	2171
002888.SZ	2227
002831.SZ	2375
002885.SZ	2246
002886.SZ	2246
002859.SZ	2293
002848.SZ	2335
002880.SZ	2213
002823.SZ	2374
002855.SZ	2314
002860.SZ	2290
002819.SZ	2297
002856.SZ	2184
002878.SZ	2260
002820.SZ	2385
002830.SZ	2378
002807.SZ	2435
002895.SZ	2202
002841.SZ	2352
002845.SZ	2348
002808.SZ	2370
002857.SZ	2239
002850.SZ	2327
002897.SZ	2197
002879.SZ	2241
002835.SZ	2367
002828.SZ	2369
002824.SZ	2357
002907.SZ	2167
002889.SZ	2225
002853.SZ	2312
002858.SZ	2303
002905.SZ	2175
002899.SZ	2189
002900.SZ	2186
002832.SZ	2370
002837.SZ	2290
002869.SZ	2278
002927.SZ	2085
002864.SZ	2146
002866.SZ	2214
002868.SZ	2280
002805.SZ	2484
002825.SZ	2373
002867.SZ	2289
002826.SZ	2375
002881.SZ	2252
002803.SZ	2425
002876.SZ	2268
002906.SZ	2172
002903.SZ	2175
002896.SZ	2202
002909.SZ	2165
002891.SZ	2198
002810.SZ	2448
002839.SZ	2338
002851.SZ	2245
002838.SZ	2336
002870.SZ	2223
002800.SZ	2506
002846.SZ	2344
002943.SZ	1884
002875.SZ	2262
002840.SZ	2359
002919.SZ	2128
002928.SZ	2082
002923.SZ	2117
002941.SZ	1900
002930.SZ	2055
002913.SZ	2141
002926.SZ	2096
002932.SZ	1994
002938.SZ	1945
002911.SZ	2148
002931.SZ	2036
002917.SZ	2126
002920.SZ	2124
002925.SZ	2109
002915.SZ	2134
002910.SZ	2162
002918.SZ	2129
002916.SZ	2131
002940.SZ	1916
002939.SZ	1923
002935.SZ	1956
002933.SZ	1957
002921.SZ	2123
002942.SZ	1895
002922.SZ	2119
603381.SH	549
003035.SZ	1379
002986.SZ	1535
003032.SZ	1382
003001.SZ	1448
003036.SZ	1372
003029.SZ	1396
002999.SZ	1470
003033.SZ	1385
002959.SZ	1720
002990.SZ	1541
002971.SZ	1626
003010.SZ	1454
002947.SZ	1855
002960.SZ	1730
003008.SZ	1456
003016.SZ	1439
003013.SZ	1431
002948.SZ	1861
002966.SZ	1735
002970.SZ	1644
002981.SZ	1564
002983.SZ	1557
300029.SZ	3856
002977.SZ	1585
003004.SZ	1414
003007.SZ	1456
002968.SZ	1644
003030.SZ	1388
002989.SZ	1527
002949.SZ	1843
002976.SZ	1593
002965.SZ	1681
300001.SZ	4016
003018.SZ	1430
003005.SZ	1452
002995.SZ	1482
002967.SZ	1671
002957.SZ	1740
002985.SZ	1556
003002.SZ	1457
003037.SZ	1367
002950.SZ	1834
002978.SZ	1564
003025.SZ	1405
002972.SZ	1636
002975.SZ	1615
003027.SZ	1400
003000.SZ	1463
002958.SZ	1823
003020.SZ	1403
002963.SZ	1680
002953.SZ	1795
002951.SZ	1827
003042.SZ	1330
002984.SZ	1464
002952.SZ	1821
002992.SZ	1493
002955.SZ	1781
003017.SZ	1439
002961.SZ	1711
002956.SZ	1767
002993.SZ	1483
002996.SZ	1474
300030.SZ	3873
300021.SZ	4071
300010.SZ	3764
300025.SZ	3692
300024.SZ	4099
300018.SZ	4013
300005.SZ	4023
300031.SZ	3931
300016.SZ	4018
300032.SZ	3840
300008.SZ	3922
300007.SZ	3979
300022.SZ	3903
300006.SZ	3975
300013.SZ	3924
300019.SZ	4027
300004.SZ	3935
300009.SZ	3968
300011.SZ	3923
300027.SZ	3912
300033.SZ	4049
300028.SZ	1782
300023.SZ	2941
300017.SZ	4055
300034.SZ	3970
300041.SZ	4006
300045.SZ	3998
300047.SZ	3845
300043.SZ	3711
300044.SZ	3845
300042.SZ	4030
300040.SZ	3822
300038.SZ	2603
300036.SZ	3986
300035.SZ	3932
300039.SZ	4051
002979.SZ	1571
003040.SZ	1340
300002.SZ	3988
003023.SZ	1405
003022.SZ	1408
003043.SZ	1325
003021.SZ	1410
003039.SZ	1345
003816.SZ	1719
300003.SZ	3988
003019.SZ	1423
603398.SH	2503
603429.SH	2299
300066.SZ	3958
300068.SZ	3892
300052.SZ	3819
300080.SZ	3593
300071.SZ	3425
300075.SZ	3894
300065.SZ	3774
300078.SZ	3898
300076.SZ	3850
300077.SZ	3903
300072.SZ	3920
300067.SZ	3886
300074.SZ	3914
300058.SZ	3822
300049.SZ	3814
300048.SZ	3968
300056.SZ	3711
300054.SZ	3902
300059.SZ	3950
300069.SZ	3852
300057.SZ	3828
300092.SZ	3776
300050.SZ	3904
300091.SZ	3856
300089.SZ	2678
300062.SZ	3863
300055.SZ	3959
300061.SZ	3851
300104.SZ	1700
300090.SZ	2204
300103.SZ	3817
300087.SZ	3720
300102.SZ	3823
300113.SZ	3760
300106.SZ	3848
300084.SZ	3849
300110.SZ	3669
300108.SZ	3190
300111.SZ	3688
300148.SZ	3527
300107.SZ	3904
300112.SZ	3716
300097.SZ	3822
300105.SZ	3907
300159.SZ	3657
300156.SZ	2054
300085.SZ	3754
300129.SZ	3829
300180.SZ	3625
300151.SZ	3733
300118.SZ	3748
300176.SZ	3649
300165.SZ	3593
300164.SZ	3507
300086.SZ	3785
300179.SZ	3634
300131.SZ	3492
300132.SZ	3755
300167.SZ	3719
300150.SZ	3637
300094.SZ	3828
300095.SZ	3851
300101.SZ	3836
300123.SZ	3626
300098.SZ	3709
300171.SZ	3793
300147.SZ	3811
300130.SZ	3745
300146.SZ	3663
300100.SZ	3650
300177.SZ	3711
300182.SZ	3635
300133.SZ	3744
300161.SZ	3600
300081.SZ	3770
300173.SZ	3480
300168.SZ	3576
300127.SZ	3867
300183.SZ	3688
300116.SZ	3030
300099.SZ	3745
300120.SZ	3772
300172.SZ	3797
300117.SZ	3436
300121.SZ	3841
300125.SZ	3737
300149.SZ	3415
300163.SZ	3395
300136.SZ	3789
300138.SZ	3831
300134.SZ	3488
300154.SZ	3792
300143.SZ	3428
300153.SZ	3698
300170.SZ	3731
300140.SZ	3636
300169.SZ	3532
300135.SZ	3724
300126.SZ	3758
300158.SZ	3677
300160.SZ	3741
300175.SZ	3759
300122.SZ	3810
300185.SZ	3735
300137.SZ	3795
300181.SZ	3665
300152.SZ	3623
002821.SZ	2395
300145.SZ	3685
603707.SH	2233
300211.SZ	3703
300241.SZ	3572
300238.SZ	3466
300194.SZ	3574
300212.SZ	3556
300273.SZ	2668
300259.SZ	3636
300291.SZ	3320
300324.SZ	3130
300320.SZ	3386
300283.SZ	3532
300229.SZ	3560
300213.SZ	3503
300210.SZ	3699
300269.SZ	3370
300198.SZ	3487
300281.SZ	3524
300266.SZ	3249
300189.SZ	3506
300296.SZ	3354
300247.SZ	3429
300188.SZ	3673
300228.SZ	3650
300219.SZ	3506
300190.SZ	3549
300236.SZ	3666
300206.SZ	3747
300256.SZ	3507
300268.SZ	3067
300200.SZ	3708
300255.SZ	3639
300232.SZ	3623
300240.SZ	3548
300209.SZ	3416
300257.SZ	3618
300251.SZ	3563
300191.SZ	3676
300193.SZ	3759
300207.SZ	3698
300272.SZ	3460
300197.SZ	3445
300279.SZ	3324
300224.SZ	3638
300263.SZ	3516
300242.SZ	3405
300280.SZ	2868
300278.SZ	3011
300220.SZ	3508
300235.SZ	3568
300223.SZ	3478
300303.SZ	3514
300249.SZ	3560
300222.SZ	3408
300239.SZ	3622
300252.SZ	3525
300286.SZ	3565
300265.SZ	3518
300243.SZ	3523
300231.SZ	3699
300275.SZ	3607
300216.SZ	1783
300202.SZ	2688
300260.SZ	3576
300214.SZ	3679
300262.SZ	2986
300192.SZ	3462
300196.SZ	3608
300250.SZ	3559
300203.SZ	3673
300204.SZ	3754
300254.SZ	3573
300246.SZ	3682
300218.SZ	3716
300227.SZ	3626
300195.SZ	3632
300215.SZ	3702
300311.SZ	3343
300310.SZ	3347
300290.SZ	3250
300258.SZ	3661
300293.SZ	3445
300316.SZ	3393
300270.SZ	3615
300208.SZ	3225
300274.SZ	3593
300187.SZ	3561
300248.SZ	3537
300312.SZ	2248
300292.SZ	3151
300288.SZ	3374
300306.SZ	3424
300300.SZ	3320
300305.SZ	3520
300298.SZ	3316
300317.SZ	3199
300309.SZ	2502
300299.SZ	3167
300294.SZ	3366
300313.SZ	3220
300319.SZ	3238
300297.SZ	2585
300302.SZ	3498
300308.SZ	3348
300307.SZ	3485
300301.SZ	3371
300321.SZ	3488
300285.SZ	3436
300323.SZ	3129
300322.SZ	3218
300295.SZ	3385
603709.SH	2093
300348.SZ	3250
300339.SZ	3298
300370.SZ	2984
300332.SZ	3228
300346.SZ	3371
300374.SZ	2672
300378.SZ	3075
300344.SZ	3175
300337.SZ	3389
300330.SZ	2525
300376.SZ	2956
300327.SZ	3468
300345.SZ	3308
300373.SZ	3037
300412.SZ	2758
300369.SZ	2983
300329.SZ	3437
300424.SZ	2716
300371.SZ	3082
300375.SZ	3034
300358.SZ	2959
300367.SZ	1834
300441.SZ	2534
300372.SZ	515
300352.SZ	3292
300379.SZ	2773
300326.SZ	3197
300325.SZ	2309
300360.SZ	2995
300427.SZ	2615
300355.SZ	3276
300377.SZ	3033
300380.SZ	3079
300382.SZ	3066
300354.SZ	3403
300384.SZ	2840
300341.SZ	3261
300359.SZ	2914
300356.SZ	2340
300343.SZ	3155
300350.SZ	3233
300357.SZ	3082
300349.SZ	3228
300363.SZ	2966
300368.SZ	2958
300336.SZ	2513
300365.SZ	3019
300351.SZ	3266
300381.SZ	2923
300457.SZ	2705
300385.SZ	2959
300431.SZ	1080
300399.SZ	2897
300331.SZ	3306
300388.SZ	2910
300398.SZ	2817
300438.SZ	2730
300383.SZ	2888
300395.SZ	2928
300459.SZ	2546
300403.SZ	2897
300440.SZ	2645
300419.SZ	2725
300397.SZ	2889
300425.SZ	2687
300447.SZ	2682
300387.SZ	2886
300340.SZ	3272
300443.SZ	2770
300413.SZ	2580
300410.SZ	2633
300430.SZ	2732
300390.SZ	2886
300386.SZ	2981
300437.SZ	2658
300444.SZ	2673
300409.SZ	2783
300448.SZ	2773
300458.SZ	2755
300392.SZ	1858
300451.SZ	2686
300428.SZ	2633
300456.SZ	2615
300452.SZ	2765
300435.SZ	2788
300432.SZ	2717
300436.SZ	2730
300449.SZ	2682
300421.SZ	2780
300439.SZ	2777
300433.SZ	2780
300455.SZ	2632
300460.SZ	2749
300463.SZ	2755
300442.SZ	2763
300396.SZ	2865
300394.SZ	2809
300402.SZ	2824
300393.SZ	2914
300418.SZ	2769
300406.SZ	2897
300462.SZ	2470
300426.SZ	2736
300434.SZ	2656
300411.SZ	2567
300414.SZ	2558
300404.SZ	2710
300453.SZ	2755
300405.SZ	2810
300429.SZ	2705
603698.SH	2835
300579.SZ	2370
300485.SZ	2736
300512.SZ	2512
300548.SZ	2418
300479.SZ	2647
300472.SZ	2550
300470.SZ	2745
300465.SZ	2660
300585.SZ	2352
300557.SZ	2408
300473.SZ	2670
300590.SZ	2254
300483.SZ	2654
300467.SZ	2555
300482.SZ	2725
300474.SZ	2543
300487.SZ	2723
300529.SZ	2466
300476.SZ	2741
300582.SZ	2325
300550.SZ	2413
300475.SZ	2718
300545.SZ	2427
300496.SZ	2562
300520.SZ	2472
300508.SZ	2534
300551.SZ	2405
300468.SZ	2724
300506.SZ	2529
300478.SZ	2650
300525.SZ	2446
300534.SZ	2421
300589.SZ	2356
300523.SZ	2386
300514.SZ	2290
300555.SZ	2417
300543.SZ	2357
300560.SZ	2408
300495.SZ	1964
300492.SZ	2418
300576.SZ	2363
300490.SZ	2466
300554.SZ	2290
300489.SZ	2723
300488.SZ	2593
300552.SZ	2415
300532.SZ	2454
300567.SZ	2388
300498.SZ	2641
300531.SZ	2456
300493.SZ	2615
300588.SZ	2357
300583.SZ	2361
300541.SZ	2436
300499.SZ	2587
300563.SZ	2399
300502.SZ	2568
300578.SZ	2274
300593.SZ	2315
300466.SZ	2399
300519.SZ	2488
300577.SZ	2372
300591.SZ	2359
300528.SZ	2462
300603.SZ	2186
300546.SZ	2427
300605.SZ	2343
300549.SZ	2425
300587.SZ	2362
300521.SZ	2461
300595.SZ	2354
300518.SZ	2355
300539.SZ	2445
300513.SZ	2411
300575.SZ	2373
300533.SZ	2454
300561.SZ	2328
300511.SZ	2523
300471.SZ	2736
300580.SZ	2250
300568.SZ	2386
300491.SZ	2520
300516.SZ	2507
300522.SZ	2481
300494.SZ	2609
300538.SZ	2448
300565.SZ	2393
300507.SZ	2522
300547.SZ	2425
300542.SZ	2423
300570.SZ	2383
300510.SZ	2256
300540.SZ	2441
300556.SZ	2405
300505.SZ	2557
300569.SZ	2385
300600.SZ	2346
300571.SZ	2373
300584.SZ	2357
300559.SZ	2408
300566.SZ	2388
300573.SZ	2381
300536.SZ	2431
300598.SZ	2346
300596.SZ	2342
300601.SZ	2344
300606.SZ	2343
300604.SZ	2286
300594.SZ	1764
300477.SZ	2638
603708.SH	2378
300614.SZ	1298
300668.SZ	2255
300643.SZ	2284
300611.SZ	2335
300680.SZ	2145
300618.SZ	2323
300663.SZ	2262
300698.SZ	2202
300650.SZ	2286
300617.SZ	2329
300616.SZ	2324
300609.SZ	2335
300715.SZ	2161
300627.SZ	2314
300697.SZ	2193
300692.SZ	2202
300639.SZ	2300
300684.SZ	2123
300626.SZ	2315
300640.SZ	2278
300634.SZ	2067
300654.SZ	2184
300739.SZ	2098
300638.SZ	2292
300689.SZ	2218
300644.SZ	2092
300678.SZ	2201
300635.SZ	2298
300686.SZ	2221
300694.SZ	1932
300657.SZ	2230
300641.SZ	2291
300683.SZ	2161
300656.SZ	2206
300628.SZ	2316
300631.SZ	2312
300652.SZ	2277
300658.SZ	2256
300625.SZ	2316
300648.SZ	2291
300613.SZ	2325
300637.SZ	2300
300716.SZ	2150
300700.SZ	2184
300651.SZ	2282
300746.SZ	2008
300661.SZ	2254
300681.SZ	2229
300623.SZ	2319
300608.SZ	2340
300636.SZ	2305
300671.SZ	2243
300721.SZ	2153
300691.SZ	2206
300687.SZ	2212
300649.SZ	2279
300610.SZ	2340
300682.SZ	2173
300615.SZ	2333
300727.SZ	2145
300748.SZ	1942
300619.SZ	2328
300667.SZ	2239
300630.SZ	1909
300655.SZ	2265
300751.SZ	1913
300736.SZ	2113
300659.SZ	2161
300679.SZ	2215
300695.SZ	2196
300696.SZ	2209
300693.SZ	2204
300653.SZ	2277
300723.SZ	2152
300740.SZ	1993
300717.SZ	2152
300750.SZ	2015
300676.SZ	2226
300741.SZ	2083
300719.SZ	2157
300724.SZ	1972
300749.SZ	1926
300742.SZ	1468
300738.SZ	2107
300702.SZ	2189
300735.SZ	2121
300660.SZ	2256
300665.SZ	2243
300713.SZ	2163
300733.SZ	2110
300722.SZ	2154
300718.SZ	2160
300731.SZ	2121
300612.SZ	2167
300629.SZ	2268
300607.SZ	2330
300726.SZ	2149
300725.SZ	2151
300730.SZ	2134
300743.SZ	2044
300732.SZ	2090
300711.SZ	2163
300709.SZ	2172
300708.SZ	2175
300729.SZ	2141
300622.SZ	2318
300710.SZ	2157
300720.SZ	2150
300706.SZ	2184
300703.SZ	2185
603688.SH	2893
300796.SZ	1666
300765.SZ	1805
300766.SZ	1824
300800.SZ	1673
300762.SZ	1831
300795.SZ	1682
300784.SZ	561
300790.SZ	1701
300787.SZ	1726
300755.SZ	1858
300799.SZ	1101
300884.SZ	1426
300805.SZ	1662
300806.SZ	1660
300758.SZ	1845
300793.SZ	1686
300789.SZ	1717
300778.SZ	1794
300761.SZ	1849
300861.SZ	1478
300780.SZ	1779
300848.SZ	1503
300781.SZ	1771
300783.SZ	1750
300809.SZ	1648
300797.SZ	1676
300771.SZ	1805
300788.SZ	1755
300770.SZ	1806
300803.SZ	1665
300763.SZ	1828
300774.SZ	1248
300804.SZ	791
300801.SZ	1657
300807.SZ	1627
300802.SZ	1666
300775.SZ	1787
300752.SZ	1898
300776.SZ	1789
300791.SZ	1698
300792.SZ	1696
300808.SZ	1656
300881.SZ	1472
300777.SZ	1790
300882.SZ	1465
300877.SZ	1478
300887.SZ	1461
300878.SZ	1478
300893.SZ	1455
300862.SZ	1465
300895.SZ	1455
300812.SZ	1628
300846.SZ	1516
300821.SZ	1589
300898.SZ	1445
300856.SZ	1501
300886.SZ	1451
300816.SZ	1612
300890.SZ	1460
300892.SZ	1455
300880.SZ	1472
300872.SZ	1478
300879.SZ	1472
300853.SZ	1499
300815.SZ	1618
300885.SZ	1465
300883.SZ	1465
300820.SZ	1609
300858.SZ	1498
300813.SZ	1625
300814.SZ	1242
300819.SZ	1589
300869.SZ	1478
300817.SZ	1606
300894.SZ	1391
300818.SZ	1610
300854.SZ	1217
300843.SZ	1515
300851.SZ	1494
300842.SZ	1513
300859.SZ	1486
300850.SZ	1502
300841.SZ	1520
300844.SZ	1241
300866.SZ	1478
300847.SZ	1510
300845.SZ	1514
300875.SZ	1458
300840.SZ	1511
300864.SZ	1478
300831.SZ	1552
300873.SZ	1478
300868.SZ	1478
300834.SZ	1140
300867.SZ	1478
300833.SZ	1544
300876.SZ	1478
300832.SZ	1550
300870.SZ	1478
300828.SZ	1552
300830.SZ	1554
300827.SZ	1554
300825.SZ	1578
300839.SZ	1512
300837.SZ	1532
300863.SZ	1478
300836.SZ	1538
300838.SZ	1531
300835.SZ	1541
300822.SZ	1588
603681.SH	1823
603648.SH	2193
301019.SZ	1275
300906.SZ	1431
300947.SZ	1363
300904.SZ	760
300913.SZ	1409
300910.SZ	1415
300899.SZ	1443
300903.SZ	1431
300911.SZ	1411
300907.SZ	1422
300900.SZ	1436
300915.SZ	1412
301016.SZ	1263
300922.SZ	1395
301009.SZ	1282
301011.SZ	1282
300985.SZ	1313
301023.SZ	1268
301020.SZ	1269
301008.SZ	1285
301017.SZ	1270
301010.SZ	1281
301015.SZ	1273
300909.SZ	1413
300991.SZ	1301
300948.SZ	1352
300946.SZ	1365
300940.SZ	1368
300941.SZ	1364
300950.SZ	1343
300942.SZ	1364
300943.SZ	1353
300958.SZ	1335
300952.SZ	1347
300955.SZ	1328
300957.SZ	1337
300959.SZ	1335
300951.SZ	1356
300939.SZ	1372
300960.SZ	1335
300970.SZ	1326
300963.SZ	1327
300968.SZ	1323
300976.SZ	1321
300978.SZ	1316
301022.SZ	1261
300977.SZ	1320
300972.SZ	1321
301018.SZ	1268
300982.SZ	1315
300927.SZ	1387
300980.SZ	1319
300979.SZ	1316
300966.SZ	1327
300981.SZ	1315
300973.SZ	1323
300965.SZ	1310
301005.SZ	1293
300928.SZ	1388
301001.SZ	1295
300964.SZ	1247
301002.SZ	1289
301004.SZ	1276
300932.SZ	1376
300999.SZ	1446
300998.SZ	1292
300996.SZ	1288
300921.SZ	1398
300994.SZ	1242
300990.SZ	1307
300989.SZ	1310
300986.SZ	1309
300971.SZ	1323
300935.SZ	1378
300993.SZ	1299
301021.SZ	1269
301006.SZ	1289
300984.SZ	1281
300925.SZ	1392
300961.SZ	1334
300983.SZ	1320
300929.SZ	1378
300923.SZ	1396
300995.SZ	1297
300992.SZ	1293
300930.SZ	1377
300988.SZ	1307
300919.SZ	1397
300933.SZ	1376
300931.SZ	1377
300936.SZ	1374
300937.SZ	1373
300938.SZ	1373
301045.SZ	1241
301031.SZ	1262
301041.SZ	1243
301039.SZ	1265
301038.SZ	1248
301033.SZ	1245
301037.SZ	1251
301040.SZ	1244
301047.SZ	1240
301035.SZ	1253
301046.SZ	1239
301030.SZ	1256
301028.SZ	1259
301029.SZ	1256
301025.SZ	1255
301027.SZ	1259
300902.SZ	1436
603569.SH	2460
301138.SZ	1160
301062.SZ	1219
301057.SZ	1217
301131.SZ	1103
301069.SZ	1212
301132.SZ	1002
301066.SZ	1215
301061.SZ	1220
301139.SZ	1005
301053.SZ	1228
301060.SZ	1220
301137.SZ	1097
301065.SZ	1219
301136.SZ	1142
301056.SZ	1224
301052.SZ	1230
301070.SZ	1214
301133.SZ	1173
301067.SZ	1215
301110.SZ	1104
301073.SZ	1204
301130.SZ	1116
301049.SZ	1234
301048.SZ	1238
301076.SZ	1207
301083.SZ	1199
301077.SZ	1209
301072.SZ	1210
301093.SZ	1192
301071.SZ	1213
301099.SZ	1177
301103.SZ	1097
301097.SZ	1087
301100.SZ	1158
301096.SZ	1152
301102.SZ	1093
301098.SZ	1183
301119.SZ	1177
301089.SZ	1190
301086.SZ	1200
301087.SZ	1197
301129.SZ	1191
301085.SZ	1202
301090.SZ	1196
301175.SZ	1025
301108.SZ	1168
301075.SZ	1203
301107.SZ	1057
301080.SZ	1202
301078.SZ	1204
301081.SZ	1200
301082.SZ	1195
301118.SZ	1179
301122.SZ	1131
301113.SZ	1155
301116.SZ	1137
301117.SZ	1137
301127.SZ	1149
301181.SZ	1113
301125.SZ	1047
301106.SZ	1119
301173.SZ	385
301123.SZ	1132
301172.SZ	770
301121.SZ	1004
301171.SZ	992
301176.SZ	968
301179.SZ	1165
301120.SZ	1079
301183.SZ	1057
301190.SZ	1153
301177.SZ	1160
301195.SZ	1009
301182.SZ	1154
301111.SZ	1166
301189.SZ	1151
301185.SZ	1178
301196.SZ	1142
301180.SZ	1181
301192.SZ	1001
301109.SZ	1073
301187.SZ	1076
301158.SZ	1138
301159.SZ	1144
301151.SZ	1085
301160.SZ	1049
301197.SZ	1004
301186.SZ	1152
301157.SZ	863
301152.SZ	989
301165.SZ	935
301206.SZ	1125
301141.SZ	846
301211.SZ	1155
301209.SZ	991
301200.SZ	1113
301155.SZ	1175
301205.SZ	979
301199.SZ	1166
301163.SZ	1079
301148.SZ	1067
301161.SZ	978
301162.SZ	1071
301150.SZ	1077
301149.SZ	1185
301169.SZ	1190
301166.SZ	1151
301168.SZ	1163
301167.SZ	1167
603683.SH	2171
301248.SZ	1078
301255.SZ	909
301256.SZ	1097
301257.SZ	1062
301268.SZ	1087
301269.SZ	1000
301262.SZ	794
301267.SZ	945
301263.SZ	1092
301270.SZ	987
301227.SZ	970
301230.SZ	949
301226.SZ	1094
301229.SZ	1117
301239.SZ	1028
301236.SZ	1102
301235.SZ	1129
301238.SZ	1040
301246.SZ	856
301237.SZ	1096
301231.SZ	981
301233.SZ	1027
301232.SZ	797
301217.SZ	1130
301213.SZ	1157
301215.SZ	1107
301212.SZ	1079
301260.SZ	884
301219.SZ	1100
301222.SZ	1106
301221.SZ	1155
301223.SZ	953
301220.SZ	1037
301389.SZ	950
301379.SZ	949
301323.SZ	794
301383.SZ	801
301377.SZ	934
301381.SZ	780
301386.SZ	849
301388.SZ	943
301382.SZ	818
301216.SZ	1092
301302.SZ	1036
301299.SZ	958
301298.SZ	1049
301387.SZ	836
301300.SZ	995
301296.SZ	985
301301.SZ	909
301307.SZ	832
301297.SZ	896
301311.SZ	928
301295.SZ	790
301309.SZ	965
301273.SZ	954
301308.SZ	1005
301305.SZ	814
301312.SZ	1024
301306.SZ	1013
301310.SZ	806
301357.SZ	826
301359.SZ	943
301358.SZ	883
301349.SZ	980
301353.SZ	809
301345.SZ	855
301339.SZ	980
301355.SZ	800
301348.SZ	759
301322.SZ	866
301328.SZ	981
301366.SZ	970
301362.SZ	753
301371.SZ	766
301361.SZ	938
301318.SZ	1002
301370.SZ	780
301367.SZ	949
301368.SZ	917
301365.SZ	934
301315.SZ	793
301325.SZ	821
301363.SZ	963
301292.SZ	783
301329.SZ	777
301332.SZ	817
301333.SZ	1008
301330.SZ	997
301276.SZ	980
301291.SZ	788
301303.SZ	876
301277.SZ	938
301331.SZ	973
301338.SZ	998
301279.SZ	1083
301283.SZ	985
301280.SZ	910
301285.SZ	968
301335.SZ	926
301376.SZ	793
301281.SZ	835
301278.SZ	1006
301289.SZ	1037
301288.SZ	1074
301320.SZ	801
301327.SZ	975
301275.SZ	379
301337.SZ	811
301282.SZ	990
301372.SZ	758
603612.SH	2223
301392.SZ	563
301397.SZ	790
301396.SZ	941
301391.SZ	927
301395.SZ	787
301609.SZ	288
301607.SZ	499
301616.SZ	367
301603.SZ	539
301613.SZ	459
301601.SZ	412
301611.SZ	512
301398.SZ	917
301479.SZ	374
301505.SZ	766
301518.SZ	764
301456.SZ	778
301526.SZ	667
301507.SZ	741
301528.SZ	747
301511.SZ	754
301515.SZ	771
301589.SZ	636
301520.SZ	727
301508.SZ	684
301525.SZ	745
301517.SZ	708
301458.SZ	415
301459.SZ	676
301502.SZ	640
301448.SZ	795
301510.SZ	756
301516.SZ	679
301449.SZ	185
301469.SZ	751
301512.SZ	774
301513.SZ	111
301552.SZ	531
301580.SZ	549
301560.SZ	347
301551.SZ	485
301567.SZ	653
301577.SZ	647
301565.SZ	553
301583.SZ	55
301563.SZ	239
301408.SZ	869
301575.SZ	253
301557.SZ	384
301568.SZ	687
301558.SZ	724
301571.SZ	509
301569.SZ	0
301585.SZ	429
301584.SZ	242
301586.SZ	504
301590.SZ	322
301587.SZ	602
301548.SZ	730
301539.SZ	597
301599.SZ	102
301536.SZ	607
301598.SZ	429
301566.SZ	664
301596.SZ	580
301533.SZ	753
301538.SZ	613
301592.SZ	470
301503.SZ	777
301550.SZ	733
301535.SZ	367
301617.SZ	436
301531.SZ	98
301446.SZ	771
301439.SZ	857
301498.SZ	755
301419.SZ	883
301499.SZ	773
301487.SZ	760
301500.SZ	729
301488.SZ	786
301501.SZ	373
301413.SZ	673
301489.SZ	712
301665.SZ	357
301666.SZ	109
301429.SZ	837
301421.SZ	750
301486.SZ	773
301618.SZ	483
301688.SZ	17
301678.SZ	311
301682.SZ	127
301687.SZ	179
301686.SZ	3
301677.SZ	41
301683.SZ	122
301622.SZ	441
301658.SZ	363
301668.SZ	241
301667.SZ	185
301660.SZ	0
301669.SZ	77
301636.SZ	335
301655.SZ	26
301638.SZ	210
301630.SZ	297
301632.SZ	274
301631.SZ	449
301629.SZ	370
301628.SZ	465
603729.SH	2710
603900.SH	2390
600055.SH	6900
600032.SH	1298
600036.SH	5869
301689.SZ	11
600028.SH	6047
600012.SH	5695
600038.SH	6085
600029.SH	5528
600052.SH	6815
600051.SH	6934
600023.SH	3106
600037.SH	6146
600031.SH	5596
600058.SH	6851
600061.SH	6921
600050.SH	5682
600022.SH	5067
600027.SH	5189
600008.SH	6311
600062.SH	7000
600048.SH	4875
600054.SH	7058
600059.SH	7065
600005.SH	4063
600060.SH	7073
600010.SH	6083
600057.SH	6419
600056.SH	6915
600016.SH	6186
600072.SH	6952
600137.SH	6708
600064.SH	7056
600070.SH	6586
600019.SH	6098
600068.SH	5764
600006.SH	6475
600020.SH	5538
600003.SH	2251
600002.SH	1912
600063.SH	6979
600004.SH	5638
600066.SH	7035
301707.SZ	35
301716.SZ	0
301699.SZ	12
301696.SZ	116
301717.SZ	33
600069.SH	5421
301718.SZ	0
302132.SZ	3816
600009.SH	6883
600018.SH	4768
600011.SH	5948
600065.SH	2085
600017.SH	4810
600074.SH	4719
600075.SH	6852
600000.SH	6397
600097.SH	6842
600096.SH	6756
600089.SH	6911
600095.SH	6955
600091.SH	5757
600093.SH	5863
600090.SH	5652
600073.SH	6933
600094.SH	6120
600106.SH	6933
600092.SH	2159
600113.SH	6737
600129.SH	6776
600077.SH	6159
600109.SH	6887
600125.SH	6825
600110.SH	6643
600127.SH	6748
600108.SH	6965
600126.SH	6787
600111.SH	6976
600104.SH	6877
600123.SH	6673
600138.SH	6907
600117.SH	6858
600143.SH	5270
600080.SH	6999
600141.SH	6482
600130.SH	6299
600021.SH	5404
600131.SH	6800
600118.SH	6974
600133.SH	6560
600120.SH	6738
600132.SH	6869
600119.SH	6867
600135.SH	6862
600102.SH	3178
600081.SH	7001
600100.SH	6859
600079.SH	7002
600099.SH	6856
600116.SH	6963
600098.SH	6998
600114.SH	5372
600087.SH	3805
600115.SH	6804
600084.SH	6636
600082.SH	6998
600088.SH	6941
600086.SH	5341
600085.SH	7054
600162.SH	6664
600171.SH	6679
600168.SH	6620
600177.SH	6627
600176.SH	6530
600172.SH	6614
600170.SH	6740
600178.SH	6688
600169.SH	6727
600158.SH	6691
600173.SH	6280
600185.SH	6474
600163.SH	6625
600183.SH	6681
600180.SH	6410
600182.SH	6242
600160.SH	6736
600159.SH	6751
600181.SH	1797
600179.SH	6428
600165.SH	6540
600156.SH	6772
600148.SH	6655
600155.SH	6168
600153.SH	6564
600151.SH	6584
600239.SH	5947
600167.SH	6436
600211.SH	6352
600166.SH	6758
600206.SH	6537
600238.SH	6239
600240.SH	4574
600203.SH	6167
600205.SH	1765
600150.SH	6661
600210.SH	6481
600267.SH	6237
600268.SH	6402
600229.SH	6242
600221.SH	6237
600225.SH	5242
600271.SH	5451
600209.SH	5121
600269.SH	6303
600270.SH	4243
600201.SH	6622
600208.SH	6411
600256.SH	6275
600207.SH	6422
600250.SH	5946
600247.SH	4630
600255.SH	5910
600263.SH	2569
600253.SH	2808
600257.SH	6136
600248.SH	5690
600261.SH	6302
600228.SH	6302
600251.SH	5566
600260.SH	5305
600258.SH	6005
600252.SH	6137
600249.SH	5451
600223.SH	6321
600222.SH	6364
600226.SH	5994
600220.SH	5914
600235.SH	6305
600199.SH	6724
600200.SH	6318
600242.SH	4639
600262.SH	6302
600218.SH	6649
600243.SH	6088
600233.SH	6245
600232.SH	6164
600276.SH	6247
600188.SH	6772
600275.SH	4852
600241.SH	5994
600293.SH	6088
600191.SH	6473
600195.SH	6584
600237.SH	6245
600236.SH	6235
600278.SH	6250
600272.SH	6112
600215.SH	6370
600193.SH	6273
600192.SH	6667
600190.SH	6175
600198.SH	6488
600283.SH	6224
600197.SH	6499
600187.SH	5864
600246.SH	5954
600295.SH	5955
600286.SH	1514
600287.SH	6232
600285.SH	6194
600284.SH	5365
600296.SH	1528
600282.SH	6175
600279.SH	6215
600290.SH	5419
600291.SH	4998
600288.SH	6145
600281.SH	6120
600280.SH	6155
600328.SH	5971
600325.SH	5402
600323.SH	6113
600353.SH	5637
600350.SH	5866
600300.SH	6269
600416.SH	5747
600297.SH	5394
600320.SH	6175
600318.SH	5642
600319.SH	5768
600302.SH	6172
600322.SH	6010
600321.SH	5415
600299.SH	6137
600330.SH	6052
600346.SH	5736
600351.SH	5738
600408.SH	5437
600357.SH	1634
600361.SH	5927
600305.SH	6160
600339.SH	6024
600359.SH	6463
600356.SH	6044
600358.SH	5912
600343.SH	5631
600362.SH	5917
600373.SH	5717
600360.SH	6103
600303.SH	6097
600371.SH	5723
600340.SH	5317
600381.SH	5616
600368.SH	6172
600375.SH	5395
600366.SH	6176
600377.SH	6155
600379.SH	5539
600336.SH	6154
600378.SH	5985
600363.SH	5998
600372.SH	5622
600395.SH	6011
600337.SH	6134
600310.SH	6127
600418.SH	5909
600335.SH	5868
600307.SH	6157
600396.SH	6023
600393.SH	5092
600365.SH	5907
600309.SH	6042
600400.SH	6054
600367.SH	6155
600391.SH	5931
600415.SH	5794
600333.SH	6159
600397.SH	5707
600382.SH	6128
600389.SH	6028
600386.SH	6113
600308.SH	6236
600385.SH	4402
600329.SH	6084
600409.SH	5559
600313.SH	5448
600388.SH	6164
600316.SH	6118
600306.SH	5330
600311.SH	5044
600355.SH	5651
600472.SH	598
600406.SH	5368
600477.SH	5441
600369.SH	5753
600315.SH	5890
600370.SH	5588
600476.SH	5471
600410.SH	5299
600475.SH	5443
600470.SH	5430
600469.SH	5342
600467.SH	5410
600462.SH	4660
600459.SH	5606
600463.SH	5401
600468.SH	5827
600466.SH	5012
600352.SH	5542
600403.SH	5406
600405.SH	5394
600425.SH	5555
600312.SH	6028
600458.SH	5591
600428.SH	5768
600421.SH	4871
600429.SH	5330
600455.SH	4731
600460.SH	5590
600423.SH	5297
600426.SH	5839
600449.SH	5478
600446.SH	5336
600433.SH	5331
600419.SH	5739
600436.SH	5600
600432.SH	3144
600452.SH	5366
600439.SH	5584
600435.SH	5384
605198.SH	1459
605288.SH	1536
600485.SH	3255
600483.SH	5285
600501.SH	6071
600499.SH	5535
600507.SH	5475
600506.SH	5700
600509.SH	5876
600505.SH	5804
600480.SH	5404
600502.SH	5507
600508.SH	6038
600493.SH	5391
600548.SH	5945
600481.SH	5505
600549.SH	5738
600486.SH	5875
600487.SH	5430
600491.SH	5360
600547.SH	5367
600552.SH	5473
600550.SH	6036
600490.SH	5095
600479.SH	5412
600551.SH	5621
600522.SH	5678
600518.SH	6082
600539.SH	5753
600529.SH	5819
600535.SH	5782
600538.SH	5518
600537.SH	5621
600520.SH	5802
600536.SH	5847
600519.SH	6012
600516.SH	5688
600531.SH	5794
600526.SH	5775
600533.SH	5773
600530.SH	5855
600511.SH	5568
600523.SH	5862
600545.SH	5370
600591.SH	1669
600543.SH	5393
600560.SH	5787
600510.SH	5782
600528.SH	6019
600495.SH	5354
600540.SH	5371
600496.SH	5808
600559.SH	5508
600558.SH	6059
600592.SH	5746
600555.SH	4920
600561.SH	5759
600567.SH	5885
600513.SH	5634
600515.SH	5350
600556.SH	4438
600557.SH	5767
600582.SH	5811
600527.SH	5499
600565.SH	5044
600512.SH	5642
600594.SH	5413
600553.SH	1945
600620.SH	8115
600588.SH	6095
600604.SH	8158
600584.SH	5357
600622.SH	8140
600607.SH	4205
600589.SH	5933
600608.SH	8016
600624.SH	8151
600623.SH	8055
600621.SH	8103
600575.SH	5300
600606.SH	7967
600625.SH	1840
600628.SH	8106
600610.SH	7335
600627.SH	3774
600611.SH	8246
600626.SH	8063
600590.SH	5597
600587.SH	5634
600581.SH	5632
600615.SH	7841
600616.SH	8185
600583.SH	5922
600576.SH	5230
600618.SH	8180
600577.SH	5542
600601.SH	8631
600595.SH	5732
600602.SH	8374
600617.SH	7732
600600.SH	7938
600580.SH	5761
600629.SH	7408
600570.SH	5429
600599.SH	5684
600569.SH	5949
600571.SH	5594
600596.SH	5999
600568.SH	5701
600598.SH	5846
600573.SH	5691
600579.SH	5425
605183.SH	1409
605222.SH	1494
605319.SH	1282
600647.SH	7351
600638.SH	8083
600635.SH	8062
600634.SH	5723
600631.SH	4195
600652.SH	7365
600630.SH	8095
600653.SH	8388
600633.SH	7026
600648.SH	7931
600651.SH	8558
600632.SH	2704
600650.SH	8023
600657.SH	7720
600645.SH	7639
600656.SH	5398
600695.SH	6582
600692.SH	7909
600690.SH	7816
600696.SH	7610
600644.SH	8014
600691.SH	7637
600694.SH	7853
600643.SH	7776
600642.SH	8070
600689.SH	7690
600676.SH	7904
600671.SH	7514
600705.SH	5564
600704.SH	7090
600655.SH	7866
600654.SH	8135
600660.SH	8031
600674.SH	7838
600703.SH	6969
600659.SH	3017
600673.SH	7518
600670.SH	2584
600706.SH	7222
600687.SH	5916
600672.SH	2792
600726.SH	7216
600713.SH	7244
600725.SH	6883
600729.SH	6992
600721.SH	6736
600658.SH	8003
600727.SH	6801
600715.SH	7002
600679.SH	7868
600718.SH	7257
600722.SH	6924
600663.SH	7902
600723.SH	5993
600731.SH	7220
600739.SH	7079
600728.SH	6889
600714.SH	7072
600685.SH	7642
600717.SH	7254
600738.SH	7089
600683.SH	7883
600662.SH	7956
600668.SH	8008
600737.SH	7184
600697.SH	7900
600701.SH	5451
600708.SH	7233
600684.SH	7955
600686.SH	7833
600710.SH	6818
600702.SH	7254
600707.SH	7177
600733.SH	6709
600698.SH	7234
600709.SH	1474
600736.SH	7115
600700.SH	2151
600732.SH	6654
600753.SH	6808
600734.SH	6265
600750.SH	7112
600748.SH	7090
600747.SH	5289
600754.SH	7046
600752.SH	2055
600667.SH	7805
600712.SH	7240
600756.SH	7088
600745.SH	6430
600744.SH	7111
600757.SH	6845
600678.SH	7449
600742.SH	7234
600751.SH	6610
600761.SH	7215
600720.SH	7212
600743.SH	6821
600664.SH	7801
600740.SH	7085
600665.SH	7915
600741.SH	7131
600755.SH	7200
600762.SH	2232
600760.SH	7029
600763.SH	6828
600764.SH	6826
600758.SH	7036
600766.SH	6306
600876.SH	7141
600868.SH	7632
600897.SH	7309
600898.SH	5730
002998.SZ	1449
605358.SH	1464
600779.SH	7146
600783.SH	6965
600778.SH	7047
600776.SH	7170
600793.SH	6905
600781.SH	6156
600788.SH	1879
600782.SH	7028
600791.SH	7093
600785.SH	6987
600802.SH	7897
600775.SH	7064
600800.SH	7642
600787.SH	7094
600792.SH	6897
600790.SH	6939
600820.SH	7800
600801.SH	7875
600789.SH	7108
600786.SH	2584
600795.SH	6987
600784.SH	6797
600797.SH	6935
600809.SH	7893
600799.SH	1923
600817.SH	6684
600796.SH	6844
600830.SH	7849
600805.SH	7842
600806.SH	5419
600771.SH	6986
600810.SH	7811
600827.SH	7753
600803.SH	7664
600818.SH	7550
600823.SH	7244
600849.SH	4554
600831.SH	7842
600844.SH	7491
600850.SH	7666
600829.SH	7656
600848.SH	7444
600855.SH	7250
600816.SH	7343
600843.SH	7697
600845.SH	7580
600846.SH	7847
600852.SH	2667
600828.SH	7628
600854.SH	7437
600835.SH	7845
600841.SH	7730
600833.SH	7449
600837.SH	6816
600853.SH	7698
600839.SH	7743
600825.SH	7728
600858.SH	7451
600836.SH	7304
600822.SH	7715
600767.SH	6065
600838.SH	7877
600834.SH	7795
600832.SH	4964
600842.SH	3563
600811.SH	7385
600886.SH	7165
600819.SH	7739
600768.SH	6862
600862.SH	7289
600860.SH	7589
600878.SH	2031
600812.SH	7855
600769.SH	6990
600870.SH	5741
600927.SH	1154
600966.SH	5319
600971.SH	5303
601117.SH	4054
601012.SH	3475
601113.SH	3648
601112.SH	160
601188.SH	4005
601166.SH	4749
601179.SH	4033
601123.SH	18
601106.SH	4025
601068.SH	1957
601198.SH	2783
601162.SH	1922
688002.SH	1744
688005.SH	1740
688066.SH	1743
688085.SH	1566
688017.SH	1474
688059.SH	1365
688116.SH	1698
688055.SH	1483
601233.SH	3721
601366.SH	2295
601777.SH	3802
601600.SH	4574
601717.SH	3719
601369.SH	3934
601727.SH	4047
601866.SH	4448
601677.SH	3644
688030.SH	1695
601868.SH	1211
601898.SH	4521
601368.SH	2739
601890.SH	3820
601702.SH	1468
601865.SH	1850
605588.SH	1242
605577.SH	1231
688015.SH	1744
601989.SH	3502
688013.SH	1453
603001.SH	3470
601988.SH	4903
601998.SH	4698
601999.SH	4454
603099.SH	2940
603118.SH	2783
603124.SH	372
603110.SH	2174
603126.SH	2896
603081.SH	2294
603129.SH	2211
601969.SH	2819
603053.SH	1644
603003.SH	3001
605389.SH	1322
688012.SH	1735
688146.SH	830
688079.SH	1354
688062.SH	1137
688083.SH	1347
688075.SH	1179
688111.SH	1665
688155.SH	1487
603305.SH	2233
603300.SH	2732
603215.SH	1119
603167.SH	3413
603161.SH	2102
603307.SH	878
603197.SH	2274
603195.SH	1614
603187.SH	1899
603220.SH	1909
603310.SH	514
603301.SH	2055
603212.SH	1555
603210.SH	359
603271.SH	379
603268.SH	2665
603225.SH	2296
603222.SH	2767
603214.SH	2062
603221.SH	1574
603309.SH	2748
603269.SH	2270
603303.SH	2307
603308.SH	3015
603218.SH	2367
603237.SH	987
603208.SH	2341
603223.SH	2721
603315.SH	2687
603311.SH	2754
603318.SH	2600
603320.SH	2287
603317.SH	1809
603399.SH	3212
603409.SH	384
603322.SH	2444
603416.SH	2372
603406.SH	276
603402.SH	177
603407.SH	98
603408.SH	1495
603418.SH	244
603321.SH	2191
603421.SH	2423
603319.SH	2387
603516.SH	2097
603501.SH	2114
603489.SH	1670
603388.SH	2093
603505.SH	2286
603511.SH	1294
603386.SH	2106
603390.SH	1660
603477.SH	2119
603507.SH	2155
603393.SH	2375
603387.SH	2235
603391.SH	524
603392.SH	1556
603515.SH	2453
603385.SH	2305
603506.SH	2098
603500.SH	2200
603518.SH	2737
603517.SH	2315
603499.SH	2174
603496.SH	2254
603373.SH	671
603382.SH	317
603368.SH	2859
603370.SH	256
603375.SH	647
603363.SH	2182
603369.SH	2973
603535.SH	2219
603326.SH	2255
603331.SH	2243
603365.SH	2150
603328.SH	2974
603520.SH	2440
603335.SH	2254
603324.SH	1329
603327.SH	1785
603325.SH	657
603530.SH	1734
603337.SH	2352
603466.SH	2170
603332.SH	1866
603533.SH	2185
603334.SH	219
603344.SH	613
603519.SH	2710
603528.SH	2527
603358.SH	2343
603351.SH	1857
603333.SH	3453
603529.SH	1284
603468.SH	36
603448.SH	14
603376.SH	218
603341.SH	626
603383.SH	2271
603356.SH	2094
603439.SH	1557
603359.SH	2190
603456.SH	2873
603444.SH	2363
603357.SH	2224
603350.SH	544
603396.SH	2173
603348.SH	2044
603352.SH	170
603353.SH	1572
603458.SH	2216
603329.SH	2115
603435.SH	89
603345.SH	2294
603339.SH	2516
603588.SH	2752
603330.SH	2323
603589.SH	2735
603568.SH	2756
603567.SH	2764
603557.SH	2199
603578.SH	2313
603558.SH	2734
603566.SH	2759
603577.SH	2371
603536.SH	2259
603559.SH	2303
603551.SH	1624
603538.SH	2230
603583.SH	1942
603585.SH	2377
603555.SH	2350
603587.SH	2007
603586.SH	2304
603580.SH	2263
603579.SH	2358
603693.SH	1991
603712.SH	2083
603608.SH	2494
603716.SH	2397
603697.SH	1796
603610.SH	1679
603699.SH	3076
603717.SH	2310
603609.SH	2938
603595.SH	2237
603611.SH	2752
603711.SH	2142
603607.SH	2167
603713.SH	1992
603700.SH	1863
603703.SH	2690
603706.SH	1996
603685.SH	2143
603696.SH	2591
603680.SH	2085
603666.SH	2014
603668.SH	2354
603669.SH	2756
603689.SH	2359
603676.SH	2231
603677.SH	2340
603679.SH	2253
603690.SH	2263
603602.SH	2155
603687.SH	1740
603603.SH	1598
603686.SH	2775
603682.SH	1562
603606.SH	2899
603656.SH	2314
603665.SH	2320
603601.SH	2782
603605.SH	2153
603663.SH	2467
603600.SH	2826
603596.SH	2044
603598.SH	2576
603629.SH	1882
603658.SH	2444
603630.SH	2320
603618.SH	2796
603639.SH	2357
603615.SH	2340
603655.SH	2116
603617.SH	2245
603628.SH	2353
603619.SH	2151
603650.SH	2004
603616.SH	2718
603626.SH	2342
603636.SH	2775
603638.SH	2351
603737.SH	2506
603633.SH	2390
603660.SH	2384
603659.SH	2105
603797.SH	2299
603809.SH	2144
603818.SH	2745
603811.SH	2318
603813.SH	2188
603816.SH	2416
603817.SH	2335
603810.SH	1944
603815.SH	1675
603726.SH	2530
603718.SH	2725
603728.SH	2282
603727.SH	2393
603839.SH	2338
603768.SH	2311
603739.SH	1867
603738.SH	2427
603767.SH	2259
603759.SH	1336
603766.SH	3391
603758.SH	2262
603757.SH	2239
603733.SH	2049
603755.SH	1717
603730.SH	2211
603789.SH	2752
603725.SH	2183
603721.SH	2207
603778.SH	2572
603786.SH	1689
603808.SH	2698
603790.SH	1938
603779.SH	2507
603787.SH	2289
603822.SH	2442
603798.SH	2545
603826.SH	2298
603719.SH	1597
603828.SH	2719
603806.SH	2911
603819.SH	2383
603823.SH	2373
603836.SH	1297
603855.SH	2271
603829.SH	2174
603799.SH	2800
603773.SH	2052
603833.SH	2303
603776.SH	2197
603800.SH	2618
603909.SH	2444
603915.SH	1770
603906.SH	2302
603916.SH	2156
603908.SH	2324
603897.SH	2052
603887.SH	2342
603889.SH	2737
603890.SH	2134
603899.SH	2836
603886.SH	2367
603888.SH	2408
603893.SH	1613
603901.SH	2736
603898.SH	2744
603868.SH	2539
603871.SH	2095
603856.SH	2160
603869.SH	2702
603882.SH	2196
603880.SH	2124
603883.SH	2687
603863.SH	1758
603858.SH	2395
603866.SH	2616
603878.SH	2374
603877.SH	2357
603859.SH	2410
603860.SH	2223
603876.SH	2051
603861.SH	2475
603879.SH	2256
605080.SH	1311
605128.SH	1462
605122.SH	1348
605069.SH	1240
603966.SH	2345
603960.SH	2262
605133.SH	1358
603963.SH	1783
605068.SH	1419
605118.SH	1495
605123.SH	1477
603959.SH	2510
605158.SH	1491
605011.SH	1273
605008.SH	1470
605009.SH	1464
605007.SH	1428
603993.SH	3373
605028.SH	1256
603992.SH	1719
605033.SH	1217
603990.SH	2376
605016.SH	1319
605155.SH	1391
605006.SH	1470
605050.SH	1455
603996.SH	1538
605020.SH	1266
605056.SH	1259
605005.SH	1379
603978.SH	2217
603936.SH	2527
603977.SH	2311
603989.SH	2762
605055.SH	1371
605001.SH	1542
603986.SH	2248
603995.SH	1639
603987.SH	2394
603980.SH	2251
603988.SH	2868
603969.SH	2818
603982.SH	1786
603998.SH	2795
603929.SH	2365
603938.SH	2248
603937.SH	2162
605058.SH	1442
605090.SH	1287
605086.SH	1322
603948.SH	1597
603928.SH	2379
603976.SH	2209
603970.SH	2152
603979.SH	2734
603933.SH	2232
603920.SH	2287
603991.SH	2314
603939.SH	2705
605081.SH	1271
605138.SH	1195
603917.SH	2140
605116.SH	1458
603922.SH	2146
605117.SH	1320
605136.SH	1452
603956.SH	1846
605111.SH	1453
605151.SH	1403
605108.SH	1506
603955.SH	2276
603950.SH	1531
605089.SH	1316
603927.SH	1710
605098.SH	1320
603918.SH	2661
603958.SH	2466
603919.SH	2541
603968.SH	2765
605166.SH	1523
605169.SH	1425
605289.SH	1316
605296.SH	1295
605286.SH	1330
605259.SH	1284
605218.SH	1453
605298.SH	1355
605186.SH	1398
605180.SH	1312
605199.SH	1508
605188.SH	1497
605177.SH	1417
605189.SH	1295
605268.SH	1358
605208.SH	1350
605277.SH	1388
605196.SH	1308
605258.SH	1411
605266.SH	1413
605287.SH	1269
605178.SH	1465
605300.SH	1312
605228.SH	1378
605299.SH	1403
605338.SH	1449
605337.SH	1365
605179.SH	1394
605336.SH	1443
605255.SH	1444
688006.SH	1744
688003.SH	1744
688004.SH	1527
605566.SH	1197
605488.SH	1306
605305.SH	1311
605589.SH	1244
605555.SH	1195
605580.SH	1237
605366.SH	1486
605598.SH	1216
605333.SH	1482
605365.SH	1259
605567.SH	1205
688009.SH	1744
605499.SH	1296
688007.SH	1744
688001.SH	1744
605500.SH	1398
688021.SH	1673
688035.SH	975
688020.SH	1744
688033.SH	1743
605339.SH	1303
688011.SH	1744
688010.SH	1744
688019.SH	1744
688049.SH	1172
688060.SH	1509
688016.SH	1744
605377.SH	1394
688026.SH	1619
688061.SH	959
688046.SH	1075
688036.SH	1695
688025.SH	1677
688037.SH	1642
688023.SH	1674
688045.SH	1055
688022.SH	1743
688076.SH	1300
688027.SH	1506
688029.SH	1742
688047.SH	1035
605599.SH	1222
605376.SH	1408
605369.SH	1461
688051.SH	1573
605398.SH	1377
688069.SH	1501
688078.SH	1635
605388.SH	1482
605399.SH	1492
688071.SH	1252
605368.SH	1370
688041.SH	990
688018.SH	1744
688032.SH	1157
688031.SH	959
688077.SH	1501
605303.SH	1346
688081.SH	1631
688039.SH	1648
688065.SH	1482
688057.SH	1427
605378.SH	1326
688080.SH	1610
688038.SH	1254
688058.SH	1676
688073.SH	954
688050.SH	1496
688109.SH	1329
688152.SH	951
688193.SH	1086
688151.SH	1167
688169.SH	1603
688227.SH	1149
688143.SH	908
688197.SH	1096
688236.SH	1149
688137.SH	967
688120.SH	1047
688139.SH	1671
688126.SH	1553
688202.SH	1674
688087.SH	1266
688208.SH	1609
688096.SH	1570
688192.SH	1163
688211.SH	1196
688233.SH	1603
688239.SH	1270
688219.SH	1422
688100.SH	1620
688210.SH	1152
688195.SH	1326
688095.SH	1467
688238.SH	1097
688235.SH	1160
688167.SH	1153
688225.SH	1126
688215.SH	1474
688123.SH	1640
688186.SH	1611
688237.SH	1020
688226.SH	1268
688127.SH	1458
688190.SH	1173
688199.SH	1674
688165.SH	1496
688213.SH	1059
688232.SH	1180
688178.SH	1610
688205.SH	1003
688163.SH	1104
688177.SH	1603
688183.SH	1357
688180.SH	1506
688203.SH	998
688156.SH	1457
688191.SH	1318
688206.SH	1141
688216.SH	1278
688173.SH	1125
688217.SH	1304
688102.SH	1101
688196.SH	1662
688207.SH	1100
688170.SH	1071
688172.SH	916
688189.SH	1568
688223.SH	1131
688228.SH	1568
688182.SH	1181
688179.SH	1439
688277.SH	1502
688247.SH	991
688276.SH	1276
688272.SH	1200
688280.SH	1195
688275.SH	967
688248.SH	1155
688253.SH	1011
688258.SH	1650
688268.SH	1637
688335.SH	1483
688261.SH	1125
688262.SH	1145
688257.SH	1195
688329.SH	1335
688244.SH	958
688267.SH	1121
688323.SH	1314
688321.SH	1729
688270.SH	1129
688326.SH	1079
688325.SH	1076
688328.SH	1349
688338.SH	1490
688333.SH	1744
688358.SH	1654
688330.SH	1446
688393.SH	1480
688322.SH	1026
688331.SH	1090
688380.SH	1005
688327.SH	1054
688389.SH	1674
688399.SH	1652
688339.SH	1478
688396.SH	1599
688337.SH	1076
688348.SH	1047
688349.SH	1037
688381.SH	983
688356.SH	1476
688359.SH	1300
688363.SH	1673
688382.SH	1014
688352.SH	834
688400.SH	1027
688398.SH	1611
688357.SH	1653
688395.SH	1313
688391.SH	979
688392.SH	969
688360.SH	1525
688288.SH	1673
688390.SH	1469
688286.SH	1488
688336.SH	1501
688334.SH	795
688379.SH	1481
688351.SH	987
688290.SH	1071
688375.SH	1015
688376.SH	936
688371.SH	1008
688287.SH	963
688385.SH	1248
688372.SH	953
688365.SH	1556
688378.SH	1470
688355.SH	1307
688386.SH	1445
688383.SH	1314
688377.SH	1511
688366.SH	1678
688291.SH	939
688292.SH	996
688295.SH	1088
688307.SH	878
688368.SH	1670
688305.SH	1266
688298.SH	1615
688362.SH	938
688316.SH	1344
688367.SH	1275
688293.SH	975
688297.SH	1032
688314.SH	1303
688370.SH	991
688311.SH	1494
688296.SH	1254
688369.SH	1677
688315.SH	1325
688309.SH	1505
688361.SH	816
688320.SH	1072
688299.SH	1673
688317.SH	1380
688300.SH	1666
688301.SH	1459
688303.SH	1257
688302.SH	1084
688347.SH	753
688343.SH	846
688283.SH	1123
688401.SH	998
688350.SH	1368
688289.SH	1475
688353.SH	1023
688285.SH	1201
688282.SH	1098
688408.SH	1475
688409.SH	966
688496.SH	896
688488.SH	1503
688511.SH	1249
688502.SH	863
688515.SH	882
688507.SH	836
688506.SH	902
688512.SH	819
688509.SH	1251
688503.SH	921
688517.SH	1282
688523.SH	807
688531.SH	838
688516.SH	1544
688521.SH	1473
688519.SH	1483
688529.SH	1430
688522.SH	860
688518.SH	1522
688535.SH	836
688550.SH	1467
688545.SH	408
688538.SH	1296
688548.SH	757
688539.SH	837
688543.SH	794
688533.SH	1322
688576.SH	805
688573.SH	755
688558.SH	1518
688557.SH	1413
688500.SH	1504
688489.SH	927
688553.SH	1197
688498.SH	914
688552.SH	818
688551.SH	1466
688484.SH	844
688480.SH	932
688556.SH	1490
688580.SH	1503
688419.SH	946
688416.SH	990
688418.SH	1502
688577.SH	1462
688425.SH	1280
688450.SH	773
688455.SH	978
688456.SH	1344
688579.SH	1505
688439.SH	991
688570.SH	806
688559.SH	1467
688560.SH	1397
688578.SH	1413
688469.SH	824
688411.SH	405
688443.SH	795
688566.SH	1547
688628.SH	1371
688478.SH	823
688432.SH	933
688459.SH	964
688475.SH	909
688428.SH	974
688563.SH	776
688458.SH	816
688526.SH	1458
688429.SH	790
688435.SH	894
688433.SH	838
688466.SH	1553
688561.SH	1502
688562.SH	814
688600.SH	1515
688525.SH	907
688567.SH	1498
688479.SH	823
688569.SH	1474
688568.SH	1512
688618.SH	1392
688602.SH	775
688619.SH	1360
688612.SH	771
688599.SH	1530
688609.SH	1340
688590.SH	1410
688606.SH	1337
688598.SH	1547
688616.SH	1343
688611.SH	1327
688613.SH	1301
688610.SH	776
688589.SH	1502
688603.SH	783
688585.SH	1440
688623.SH	803
688601.SH	1276
688592.SH	756
688593.SH	798
688591.SH	744
688597.SH	1282
688626.SH	1334
688596.SH	1481
688621.SH	1262
688625.SH	1290
688581.SH	817
688584.SH	637
688622.SH	1211
688583.SH	413
688582.SH	789
301003.SZ	1293
300826.SZ	1573
300756.SZ	1878
300267.SZ	3477
603355.SH	2767
000011.SZ	8179
002364.SZ	3962
300174.SZ	3745
300199.SZ	3604
301043.SZ	1243
301188.SZ	1184
600563.SH	5739
688631.SH	791
688629.SH	792
688687.SH	1366
688693.SH	744
688689.SH	1364
688652.SH	687
688657.SH	722
688651.SH	771
688691.SH	600
688653.SH	695
688681.SH	1284
688655.SH	1300
688648.SH	699
688683.SH	1327
688656.SH	1375
688695.SH	619
688692.SH	560
688658.SH	1397
688682.SH	1321
688699.SH	1401
688696.SH	1354
688698.SH	1394
688700.SH	1285
688636.SH	1329
688697.SH	1217
688718.SH	1254
688638.SH	781
688671.SH	761
688707.SH	1220
688639.SH	1319
688670.SH	1251
688702.SH	735
688676.SH	1350
688717.SH	663
688680.SH	1377
688678.SH	1398
688701.SH	1218
688709.SH	638
688712.SH	156
688710.SH	501
688659.SH	1334
688708.SH	441
688737.SH	1199
688727.SH	211
688733.SH	1240
688728.SH	1239
688660.SH	1303
688663.SH	1326
688661.SH	1336
688662.SH	1333
688729.SH	300
688679.SH	1396
688667.SH	1338
688767.SH	1224
688765.SH	226
688758.SH	416
688819.SH	1381
688668.SH	1400
688750.SH	452
688768.SH	1256
688820.SH	110
688755.SH	336
688789.SH	1268
689009.SH	1437
688778.SH	1248
688981.SH	1500
688837.SH	8
688779.SH	1244
688795.SH	198
688777.SH	1419
688793.SH	1263
688836.SH	28
688790.SH	191
688807.SH	188
688825.SH	45
688805.SH	185
688801.SH	11
688785.SH	162
688781.SH	128
688788.SH	1442
688783.SH	226
688786.SH	1233
688739.SH	1192
688798.SH	1241
688806.SH	49
688811.SH	117
688813.SH	124
688816.SH	152
688802.SH	190
688809.SH	181
688808.SH	107
688776.SH	1230
688722.SH	1202
688726.SH	468
688797.SH	68
688796.SH	195
688720.SH	672
688772.SH	1204
688721.SH	521
688719.SH	725
688403.SH	996
301210.SZ	788
688218.SH	1648
301369.SZ	972
301608.SZ	523
688072.SH	1068
688008.SH	1744
000416.SZ	6516
000412.SZ	1628
000410.SZ	7169
000422.SZ	7158
000056.SZ	7028
000301.SZ	6089
000062.SZ	7008
000012.SZ	8303
000019.SZ	7873
000089.SZ	6828
000006.SZ	8172
000070.SZ	6143
000021.SZ	7816
000032.SZ	7662
000150.SZ	5063
000037.SZ	7442
000045.SZ	7532
000060.SZ	7102
000567.SZ	7734
000566.SZ	7491
000526.SZ	7381
000527.SZ	4539
000596.SZ	7061
000599.SZ	7287
000600.SZ	7078
000550.SZ	7883
000534.SZ	7408
000544.SZ	7757
000524.SZ	7724
000593.SZ	7170
000520.SZ	7252
000539.SZ	7766
000588.SZ	1264
000551.SZ	7840
000498.SZ	5775
000578.SZ	3381
000568.SZ	7744
000720.SZ	6786
000702.SZ	7103
000703.SZ	6973
000683.SZ	6952
000693.SZ	2930
000671.SZ	6120
000605.SZ	6521
000725.SZ	6106
000716.SZ	6528
000667.SZ	6327
000658.SZ	1262
000661.SZ	7108
000622.SZ	5080
000627.SZ	6720
000632.SZ	7160
000611.SZ	5695
000652.SZ	6950
000848.SZ	6908
000858.SZ	6756
000608.SZ	6953
000866.SZ	1893
000825.SZ	6597
000831.SZ	6260
000819.SZ	6991
000809.SZ	6558
000806.SZ	5621
000820.SZ	5825
000789.SZ	6933
000791.SZ	6885
000778.SZ	6985
000765.SZ	1512
000780.SZ	5796
000761.SZ	6818
000736.SZ	6479
000733.SZ	7014
000752.SZ	6936
000762.SZ	6942
000888.SZ	6927
000892.SZ	5919
000917.SZ	6274
000916.SZ	4084
000936.SZ	6477
000939.SZ	4380
000935.SZ	6135
000962.SZ	6162
000987.SZ	6136
000903.SZ	6442
000995.SZ	5445
000972.SZ	5868
000959.SZ	6038
000869.SZ	6228
000965.SZ	6226
000957.SZ	6369
000876.SZ	6678
000928.SZ	6491
001208.SZ	1277
001207.SZ	1278
001376.SZ	704
001206.SZ	1294
001226.SZ	1037
001257.SZ	123
001255.SZ	966
001306.SZ	695
001231.SZ	995
001373.SZ	807
001217.SZ	1210
001248.SZ	61
001335.SZ	355
001236.SZ	1005
688387.SH	970
688318.SH	1558
688319.SH	1288
688508.SH	1501
688505.SH	1523
688530.SH	583
001358.SZ	670
001359.SZ	607
001282.SZ	813
001285.SZ	229
001280.SZ	199
001389.SZ	604
001387.SZ	656
001395.SZ	404
002011.SZ	5158
002009.SZ	5214
002004.SZ	5181
002013.SZ	4313
002024.SZ	5308
002027.SZ	5235
002039.SZ	5164
002041.SZ	5160
002047.SZ	4877
002057.SZ	4638
002051.SZ	4696
002061.SZ	4630
002068.SZ	4825
002079.SZ	4753
002085.SZ	4651
002100.SZ	4596
002086.SZ	4686
002120.SZ	4629
002113.SZ	3431
002096.SZ	4710
002098.SZ	4455
002106.SZ	4627
002109.SZ	4581
002111.SZ	4660
002127.SZ	4378
002132.SZ	4595
002137.SZ	4494
002141.SZ	4454
002147.SZ	3238
002155.SZ	4551
002164.SZ	4449
002177.SZ	4542
002176.SZ	4447
002189.SZ	4373
002212.SZ	4260
002211.SZ	4125
002236.SZ	4437
002234.SZ	4443
002227.SZ	4435
002253.SZ	4408
002195.SZ	4468
002194.SZ	4512
002204.SZ	4506
002207.SZ	4166
002259.SZ	4168
002222.SZ	4496
002239.SZ	3931
002243.SZ	4421
002281.SZ	4087
002275.SZ	4173
002278.SZ	3941
002288.SZ	3415
002284.SZ	4106
002290.SZ	3996
002333.SZ	4020
002335.SZ	3934
002353.SZ	3921
002352.SZ	3983
002301.SZ	3755
002298.SZ	3970
002310.SZ	3853
002317.SZ	4007
002341.SZ	3310
002326.SZ	3951
002320.SZ	3918
002360.SZ	3923
002376.SZ	3937
002370.SZ	3881
002374.SZ	3908
002380.SZ	3989
002431.SZ	3791
002383.SZ	3783
002389.SZ	3717
002429.SZ	3859
002390.SZ	3835
002394.SZ	3981
002411.SZ	2809
002468.SZ	3761
002438.SZ	3824
002440.SZ	3878
002457.SZ	3916
002441.SZ	3888
002403.SZ	3929
002405.SZ	3833
002400.SZ	3751
002550.SZ	3788
002537.SZ	3663
002517.SZ	3563
002553.SZ	3661
002666.SZ	3515
002576.SZ	3378
002603.SZ	3664
688373.SH	1005
002588.SZ	3710
002407.SZ	3878
002602.SZ	3213
002589.SZ	3602
002663.SZ	3301
002633.SZ	3291
002632.SZ	3476
002644.SZ	3566
002652.SZ	3279
300141.SZ	3754
002662.SZ	3353
003026.SZ	1400
002482.SZ	3828
003038.SZ	1363
300144.SZ	3747
003041.SZ	1321
300088.SZ	3512
300128.SZ	3709
002699.SZ	2562
002649.SZ	3509
002667.SZ	3336
300124.SZ	3865
002648.SZ	3555
002628.SZ	3589
002688.SZ	3371
002651.SZ	3530
002664.SZ	3319
002669.SZ	3300
300277.SZ	3527
002898.SZ	2107
002745.SZ	2610
002872.SZ	2212
002812.SZ	2339
002852.SZ	2321
003003.SZ	1458
002862.SZ	2301
002842.SZ	2348
300178.SZ	2630
002829.SZ	2378
300166.SZ	3579
002818.SZ	2402
002946.SZ	1860
002945.SZ	1866
002929.SZ	2083
002937.SZ	1940
002969.SZ	1638
002936.SZ	1944
002987.SZ	1553
002988.SZ	1546
002912.SZ	2149
003012.SZ	1444
002997.SZ	1470
003015.SZ	1442
002962.SZ	1704
003009.SZ	1454
003028.SZ	1394
300020.SZ	3929
300014.SZ	4047
300015.SZ	4085
300012.SZ	4010
300070.SZ	3903
300073.SZ	3868
300026.SZ	3986
300063.SZ	3728
300079.SZ	3957
300051.SZ	3791
300046.SZ	3901
300053.SZ	3861
300064.SZ	2838
300037.SZ	3971
300096.SZ	3793
300082.SZ	3945
300115.SZ	3866
300109.SZ	3553
300289.SZ	3469
300093.SZ	3677
300461.SZ	2550
300233.SZ	3605
300083.SZ	3840
300342.SZ	3364
300334.SZ	3246
300245.SZ	3679
300276.SZ	3472
300314.SZ	3491
300226.SZ	3605
300261.SZ	3574
300347.SZ	3289
300362.SZ	1177
300333.SZ	3453
300338.SZ	3334
300685.SZ	2219
300415.SZ	2829
300454.SZ	2033
300500.SZ	2520
300690.SZ	2219
300445.SZ	2779
300480.SZ	2665
300484.SZ	2557
300417.SZ	2838
300420.SZ	2665
300509.SZ	2530
300481.SZ	2713
300446.SZ	2767
300504.SZ	2062
300599.SZ	2340
300572.SZ	2378
300526.SZ	1505
300553.SZ	2415
300705.SZ	2179
300760.SZ	1931
300664.SZ	2117
300645.SZ	2283
300666.SZ	2236
300674.SZ	1915
300757.SZ	1853
300737.SZ	2093
300699.SZ	2201
300747.SZ	2006
300759.SZ	1859
002658.SZ	3525
002684.SZ	2078
002674.SZ	3478
002686.SZ	3354
002798.SZ	2443
002799.SZ	2444
002980.SZ	1566
300139.SZ	3843
300264.SZ	3633
300221.SZ	3647
300423.SZ	2553
300564.SZ	1671
002582.SZ	3596
301207.SZ	1119
300810.SZ	1651
300905.SZ	1421
300891.SZ	1460
300889.SZ	1451
300896.SZ	1453
300888.SZ	1460
300857.SZ	1498
300897.SZ	1448
300855.SZ	1500
300865.SZ	1478
300852.SZ	1508
300824.SZ	1522
300871.SZ	1478
301024.SZ	1253
300823.SZ	1584
301012.SZ	1277
301007.SZ	1281
300849.SZ	1509
300912.SZ	1399
300949.SZ	1356
300945.SZ	1363
300953.SZ	1342
300956.SZ	1326
300967.SZ	1325
300908.SZ	1419
300962.SZ	1327
300969.SZ	1326
300916.SZ	1412
300997.SZ	1292
301000.SZ	1295
300918.SZ	1398
300926.SZ	1387
300920.SZ	1395
300917.SZ	1399
300987.SZ	1308
301059.SZ	1220
301135.SZ	1084
301055.SZ	1225
301068.SZ	1201
301063.SZ	1213
301051.SZ	1231
301050.SZ	1234
301032.SZ	1257
301036.SZ	1252
301105.SZ	906
301101.SZ	1159
301042.SZ	1247
301088.SZ	1194
301091.SZ	1193
301026.SZ	1261
301128.SZ	1185
301079.SZ	1191
301115.SZ	987
301251.SZ	740
301126.SZ	1166
301252.SZ	812
301112.SZ	1022
301178.SZ	1173
301265.SZ	916
301193.SZ	1164
301170.SZ	791
301153.SZ	1061
301261.SZ	782
301156.SZ	1040
002522.SZ	3802
002529.SZ	3696
002419.SZ	3958
002396.SZ	3744
002535.SZ	3697
002491.SZ	3631
002504.SZ	2707
002566.SZ	3706
002519.SZ	3701
002507.SZ	3657
002547.SZ	3588
002501.SZ	3829
002496.SZ	3827
002586.SZ	3510
002513.SZ	3632
002521.SZ	3827
002546.SZ	3723
002558.SZ	3414
002687.SZ	3447
002677.SZ	3415
002707.SZ	2821
002734.SZ	2826
002763.SZ	2747
002756.SZ	2630
002790.SZ	2567
002717.SZ	2900
002741.SZ	2777
002722.SZ	2988
002771.SZ	2687
002865.SZ	2291
002708.SZ	2996
002901.SZ	2186
002877.SZ	2265
002887.SZ	2224
002806.SZ	2310
002847.SZ	2343
002816.SZ	2308
002802.SZ	2490
002849.SZ	2336
002893.SZ	2184
300773.SZ	1802
301201.SZ	1135
301198.SZ	1169
301208.SZ	1026
301203.SZ	845
301202.SZ	785
688306.SH	1097
688312.SH	1531
688310.SH	1654
688486.SH	875
688499.SH	1272
003006.SZ	1458
300162.SZ	3654
300119.SZ	3847
300155.SZ	3786
603043.SH	2249
601933.SH	3811
601900.SH	2465
603002.SH	3464
603048.SH	1181
601901.SH	3556
603052.SH	964
601916.SH	1653
601939.SH	4603
603014.SH	324
603069.SH	2463
603030.SH	2785
603121.SH	1860
601952.SH	2278
603080.SH	2117
603049.SH	322
300157.SZ	3569
300253.SZ	3600
300230.SZ	3587
300271.SZ	3426
300217.SZ	3703
603013.SH	2038
603000.SH	3504
603015.SH	2805
603020.SH	2800
603068.SH	1810
601997.SH	2456
601990.SH	2013
603091.SH	489
603090.SH	2389
300225.SZ	3510
300184.SZ	3451
300234.SZ	3620
300244.SZ	3598
300205.SZ	3717
300201.SZ	3402
300142.SZ	3582
300284.SZ	3433
300186.SZ	1030
300237.SZ	3573
300315.SZ	3114
300282.SZ	2794
300364.SZ	2679
300353.SZ	3057
300318.SZ	3370
300366.SZ	2892
300287.SZ	3421
300335.SZ	3305
300304.SZ	3502
300391.SZ	2703
300400.SZ	2911
300389.SZ	2949
300486.SZ	2584
300416.SZ	2830
300469.SZ	2638
300408.SZ	2863
300422.SZ	2799
300450.SZ	2615
300407.SZ	2754
300535.SZ	2385
300464.SZ	2565
300515.SZ	2501
300527.SZ	2460
300537.SZ	2368
300558.SZ	2404
300501.SZ	2585
300581.SZ	2373
300562.SZ	2394
300530.SZ	2449
300497.SZ	2616
300688.SZ	2196
300503.SZ	2561
300669.SZ	2247
300673.SZ	2239
300621.SZ	2317
300675.SZ	2233
300597.SZ	2345
300647.SZ	2244
300677.SZ	2231
300662.SZ	2214
300624.SZ	2098
300772.SZ	1795
300670.SZ	2149
300632.SZ	2304
300701.SZ	2191
300767.SZ	1820
300769.SZ	1810
300753.SZ	1889
300745.SZ	2028
300633.SZ	2304
300779.SZ	1786
300768.SZ	1811
300782.SZ	1768
300707.SZ	2179
300712.SZ	2164
300786.SZ	1743
301228.SZ	1129
301234.SZ	1018
300901.SZ	1436
301259.SZ	1074
301258.SZ	1092
301225.SZ	796
301393.SZ	780
301390.SZ	820
301380.SZ	954
301378.SZ	856
301272.SZ	779
301313.SZ	966
301293.SZ	826
301218.SZ	1103
301356.SZ	940
301316.SZ	952
301360.SZ	831
301326.SZ	973
301373.SZ	884
301290.SZ	928
301314.SZ	850
301286.SZ	1043
301287.SZ	798
301602.SZ	407
301600.SZ	494
301336.SZ	1000
301522.SZ	476
301519.SZ	769
301578.SZ	665
301509.SZ	764
301468.SZ	772
301556.SZ	475
301399.SZ	814
301559.SZ	721
301581.SZ	420
601918.SH	4409
688549.SH	739
688536.SH	1439
688555.SH	699
301588.SZ	618
301591.SZ	628
301595.SZ	334
301491.SZ	278
301529.SZ	737
301656.SZ	242
301662.SZ	353
600026.SH	5755
600025.SH	2131
603170.SH	1020
601919.SH	4495
603166.SH	2874
601921.SH	1256
601929.SH	3537
601908.SH	3635
601899.SH	4434
603185.SH	1878
603163.SH	962
603186.SH	2364
603162.SH	849
603169.SH	2814
603060.SH	2402
688485.SH	895
688449.SH	445
688410.SH	911
688426.SH	955
688420.SH	922
688627.SH	777
688630.SH	1333
688646.SH	767
688586.SH	1495
688588.SH	1542
688677.SH	1357
688620.SH	792
688775.SH	319
605100.SH	1488
301428.SZ	816
301418.SZ	752
301680.SZ	140
600039.SH	5565
603120.SH	354
603113.SH	2280
603119.SH	766
603115.SH	1730
603173.SH	891
603116.SH	2732
603165.SH	2353
603117.SH	2719
603098.SH	2374
688575.SH	1305
688468.SH	1328
688501.SH	1262
688635.SH	87
688633.SH	1339
688711.SH	1229
688595.SH	1454
688716.SH	730
688665.SH	1365
688669.SH	1376
688757.SH	370
688766.SH	1226
688787.SH	1242
688818.SH	153
600030.SH	5663
600033.SH	6176
600035.SH	5258
600053.SH	6589
600067.SH	7058
600007.SH	6625
600071.SH	6857
600001.SH	2753
301633.SZ	460
301697.SZ	18
301626.SZ	470
600015.SH	5497
600139.SH	5626
600107.SH	6884
600149.SH	6276
600145.SH	4047
600136.SH	6278
600105.SH	6885
600076.SH	6830
600122.SH	5714
600128.SH	6966
600175.SH	4895
600112.SH	6159
600146.SH	4630
600161.SH	6625
600078.SH	6951
600121.SH	6770
600157.SH	6320
600152.SH	6714
600083.SH	5979
600101.SH	7035
600265.SH	6137
600202.SH	6462
600103.SH	6942
600266.SH	6613
600213.SH	5719
600230.SH	6301
600212.SH	6030
600234.SH	5872
600216.SH	6451
600189.SH	6413
600277.SH	5428
600219.SH	6315
600196.SH	6738
600217.SH	5991
600259.SH	5772
600231.SH	6264
600227.SH	6084
600326.SH	6159
600327.SH	5824
600289.SH	6086
600301.SH	6185
600298.SH	6256
600273.SH	5394
600345.SH	6135
600317.SH	4463
600292.SH	6129
600348.SH	5561
600354.SH	5373
600376.SH	6059
600380.SH	5993
600338.SH	5798
600398.SH	6113
600401.SH	2578
600392.SH	5321
600399.SH	5931
600390.SH	6036
600387.SH	4979
600331.SH	5690
600478.SH	5325
600332.SH	5986
600422.SH	6153
600482.SH	5192
600461.SH	5234
600500.SH	6351
600503.SH	5507
600456.SH	5888
600489.SH	5531
600488.SH	5983
600420.SH	5250
600546.SH	5486
600448.SH	5944
600532.SH	4726
600444.SH	5269
600517.SH	5394
600525.SH	5492
600521.SH	5661
600593.SH	5752
600586.SH	5784
600612.SH	8209
600619.SH	8102
600609.SH	8021
600636.SH	7659
600585.SH	5920
600639.SH	8043
600498.SH	5991
600649.SH	7649
600637.SH	7744
600566.SH	5915
600603.SH	7944
600613.SH	7992
600641.SH	7831
600614.SH	6341
600578.SH	5726
600640.SH	7947
600572.SH	5243
600693.SH	7888
600646.SH	2422
600597.SH	5690
688345.SH	1286
600669.SH	2564
600677.SH	6273
600719.SH	7053
600666.SH	7563
600661.SH	7914
600675.SH	7692
600605.SH	8228
688472.SH	802
600724.SH	7146
600688.SH	7872
600699.SH	7501
600735.SH	6755
600746.SH	7128
600711.SH	6948
600682.SH	7508
600780.SH	6796
600749.SH	6926
600680.SH	5868
600681.SH	6846
600716.SH	7061
600773.SH	6952
600794.SH	6904
600807.SH	7402
600772.SH	2317
600808.SH	7877
600759.SH	6163
600856.SH	6381
600847.SH	7540
600851.SH	7806
600824.SH	7871
600826.SH	7854
600777.SH	6774
600840.SH	3536
600857.SH	7758
600774.SH	7163
600798.SH	6893
600865.SH	7654
600804.SH	7475
600813.SH	2008
600815.SH	7853
600893.SH	6744
600883.SH	7415
600765.SH	7096
600770.SH	7096
600859.SH	7603
600861.SH	7779
600887.SH	7305
600874.SH	7498
600890.SH	5562
600863.SH	7739
688528.SH	1517
688565.SH	1307
688685.SH	1307
688690.SH	1279
688607.SH	1371
688605.SH	436
688835.SH	24
688828.SH	34
688799.SH	1265
688826.SH	29
688800.SH	1258
603949.SH	1592
600939.SH	2334
600961.SH	5276
600959.SH	2675
600869.SH	7490
600872.SH	7544
600941.SH	1146
600866.SH	7493
600926.SH	2411
600871.SH	7400
600873.SH	7288
600956.SH	1518
600970.SH	5080
600867.SH	7690
603156.SH	2091
603159.SH	2446
603171.SH	1273
600982.SH	5251
600895.SH	7324
600992.SH	5402
603153.SH	861
600889.SH	7296
600821.SH	7803
600984.SH	5184
600814.SH	7762
600993.SH	5404
600995.SH	5295
600896.SH	6083
600888.SH	7281
600891.SH	5513
600877.SH	7122
600983.SH	5153
600892.SH	6970
603172.SH	823
600989.SH	1790
600884.SH	7335
600985.SH	5169
600881.SH	7375
600991.SH	1675
603155.SH	1472
600986.SH	5205
603158.SH	2764
603160.SH	2409
600879.SH	7324
600882.SH	7153
600885.SH	7163
600880.SH	7166
600987.SH	5277
600990.SH	5255
600988.SH	5000
603100.SH	2915
603157.SH	1109
600963.SH	5273
600960.SH	5236
600955.SH	1218
600969.SH	5411
600958.SH	2780
600977.SH	2461
600976.SH	5377
600875.SH	7337
600975.SH	5256
600967.SH	5233
600894.SH	7267
600968.SH	1762
600965.SH	5186
603093.SH	1715
603096.SH	2291
603092.SH	217
601058.SH	3667
601158.SH	3993
601007.SH	4717
603106.SH	2187
603103.SH	2177
600938.SH	1077
600899.SH	2096
600981.SH	5187
600962.SH	5232
600908.SH	2425
601155.SH	2617
603101.SH	2526
603088.SH	2872
603087.SH	1518
603105.SH	1996
600930.SH	293
600929.SH	2051
600936.SH	2457
600979.SH	5181
600909.SH	2377
600917.SH	2909
600864.SH	7562
600918.SH	1534
600978.SH	3708
600980.SH	5361
600916.SH	1366
603097.SH	1065
603095.SH	1566
603089.SH	2347
603180.SH	2279
603168.SH	2951
603125.SH	842
600901.SH	2083
600928.SH	1840
600900.SH	5129
600905.SH	1286
600925.SH	849
600903.SH	2147
601018.SH	3747
601005.SH	4308
601016.SH	2900
601019.SH	2148
601003.SH	4571
603079.SH	2170
603109.SH	1634
603108.SH	2620
603072.SH	420
603082.SH	638
603107.SH	706
601021.SH	2816
601020.SH	2543
600906.SH	1310
601059.SH	861
601033.SH	651
601010.SH	3703
600933.SH	2143
600935.SH	1173
600973.SH	5215
601065.SH	842
600996.SH	2367
601009.SH	4644
601028.SH	3171
601022.SH	922
603085.SH	2713
603086.SH	2280
601268.SH	1002
600999.SH	4077
601279.SH	1323
601086.SH	2181
600919.SH	2460
601008.SH	4702
600997.SH	5312
601002.SH	4751
601006.SH	4877
601001.SH	4740
601083.SH	682
600998.SH	3843
601299.SH	1226
601288.SH	3932
601000.SH	3853
601011.SH	3751
601026.SH	232
601126.SH	3812
601136.SH	912
601099.SH	4526
601061.SH	842
601091.SH	6
601089.SH	1031
601127.SH	2475
601066.SH	2009
601069.SH	2718
601101.SH	3895
601107.SH	4144
601015.SH	2884
601100.SH	3583
601098.SH	3863
601096.SH	669
603130.SH	936
603128.SH	3368
601216.SH	3665
603078.SH	2295
603077.SH	3355
601118.SH	3687
601156.SH	1287
603123.SH	3421
601088.SH	4534
601111.SH	4818
601128.SH	2425
601121.SH	858
603111.SH	2764
603122.SH	1118
603112.SH	1460
603073.SH	858
603135.SH	842
603137.SH	825
601212.SH	2295
601218.SH	3725
601211.SH	2717
601258.SH	2902
601038.SH	3434
601226.SH	2866
601208.SH	3723
601228.SH	2308
601222.SH	3659
601225.SH	3079
601229.SH	2397
601133.SH	839
601298.SH	1858
601238.SH	3501
603075.SH	737
603076.SH	2155
601169.SH	4566
601116.SH	3767
601138.SH	2016
601163.SH	2438
601187.SH	1438
601231.SH	3532
601199.SH	3742
601186.SH	4490
601236.SH	1749
601108.SH	2163
601200.SH	2306
601168.SH	4455
601137.SH	3740
601177.SH	3873
601077.SH	1679
601139.SH	4052
603136.SH	2183
601390.SH	4478
601319.SH	1908
601388.SH	3354
601500.SH	2427
601399.SH	1530
601398.SH	4820
601326.SH	2213
601577.SH	1940
601599.SH	3559
601377.SH	3853
601456.SH	1474
601311.SH	3698
601375.SH	2364
601568.SH	1443
601318.SH	4694
601588.SH	4826
601518.SH	3965
601528.SH	1276
601607.SH	7651
601628.SH	4783
601566.SH	3709
601609.SH	1561
601618.SH	4053
601608.SH	3307
601666.SH	4811
601519.SH	3644
601558.SH	2246
601619.SH	2103
601555.SH	3563
603151.SH	950
603138.SH	2325
603178.SH	2309
601515.SH	3539
601778.SH	1545
601339.SH	3473
601330.SH	2015
601567.SH	3660
601601.SH	4550
601606.SH	1976
601328.SH	4696
601333.SH	4792
601598.SH	1865
601788.SH	4134
601360.SH	3442
603127.SH	2206
603132.SH	1117
603150.SH	1133
603175.SH	227
601512.SH	1641
601882.SH	2401
601888.SH	4054
601595.SH	2455
601881.SH	2350
601869.SH	1987
601688.SH	4019
601878.SH	2250
601877.SH	3910
601579.SH	2917
601880.SH	3820
601872.SH	4689
603183.SH	2193
603182.SH	975
603139.SH	2291
603176.SH	1148
601766.SH	4301
601669.SH	3516
601698.SH	1760
601798.SH	3639
601696.SH	1600
601800.SH	3535
601728.SH	1236
601678.SH	4024
601700.SH	3599
601799.SH	3749
601611.SH	2504
603190.SH	877
603188.SH	2844
603193.SH	717
603179.SH	2316
603181.SH	2207
601838.SH	2099
601636.SH	3660
601615.SH	1854
601665.SH	1281
601658.SH	1649
601857.SH	4585
601827.SH	1532
601718.SH	3900
601699.SH	4829
601668.SH	4163
601633.SH	3616
601825.SH	1237
601828.SH	2103
601616.SH	3787
601818.SH	3893
601858.SH	2353
603026.SH	2754
603031.SH	2444
601336.SH	3562
603007.SH	2425
601811.SH	2462
601801.SH	4025
601995.SH	1408
601928.SH	3546
601992.SH	3758
603027.SH	2567
601996.SH	3539
603028.SH	2530
603191.SH	1072
601991.SH	4764
601968.SH	2725
601965.SH	3466
603071.SH	1159
601956.SH	1395
601975.SH	1872
603057.SH	970
601686.SH	1410
601816.SH	1623
601966.SH	2466
603058.SH	2358
603056.SH	1931
601958.SH	4475
601963.SH	1366
603055.SH	2187
601689.SH	2794
601808.SH	4604
603039.SH	2287
603189.SH	2433
603050.SH	2297
603006.SH	2911
603005.SH	3072
601860.SH	1876
603012.SH	2798
603004.SH	666
603010.SH	2618
603009.SH	2886
603045.SH	2021
603008.SH	3361
603051.SH	1094
603011.SH	2793
603033.SH	2308
603041.SH	2307
603065.SH	855
603035.SH	2362
601985.SH	2747
603036.SH	2375
603063.SH	2226
601949.SH	2210
603038.SH	2352
603042.SH	2259
603037.SH	2346
603066.SH	2663
603067.SH	2423
603032.SH	2207
603062.SH	702
603040.SH	2341
603059.SH	2082
603017.SH	2785
603018.SH	2849
603061.SH	867
603022.SH	2761
603021.SH	2677
603016.SH	2309
603019.SH	2865
603023.SH	2733
603177.SH	2339
603192.SH	1960
603258.SH	2412
603236.SH	1748
603070.SH	1105
603259.SH	2039
603323.SH	2388
603297.SH	1951
603029.SH	2482
603025.SH	2744
603102.SH	1132
603131.SH	2415
603133.SH	1736
603239.SH	2364
603248.SH	185
603255.SH	996
603238.SH	2263
603273.SH	713
603276.SH	727
603205.SH	460
603395.SH	447
603206.SH	1069
603275.SH	750
603284.SH	152
603203.SH	2403
603282.SH	859
603277.SH	2195
603278.SH	2155
603280.SH	944
603283.SH	2119
603316.SH	2255
603279.SH	1739
603312.SH	656
603296.SH	761
603227.SH	2706
603298.SH	2368
603229.SH	2282
603230.SH	1153
603235.SH	1023
603209.SH	1095
603201.SH	1010
603232.SH	2293
603233.SH	2225
603207.SH	506
603289.SH	2164
603202.SH	348
603198.SH	2756
603200.SH	2267
603508.SH	2521
603299.SH	2488
603290.SH	1616
603293.SH	112
603288.SH	3074
603272.SH	1058
603270.SH	743
603285.SH	542
603266.SH	2359
603226.SH	2251
603260.SH	2165
603257.SH	360
603286.SH	2230
603211.SH	1014
603291.SH	851
603194.SH	427
603228.SH	2361
603217.SH	1766
603261.SH	1100
603216.SH	1151
603213.SH	1174
603262.SH	288
603219.SH	1177
603256.SH	1745
603231.SH	674
603267.SH	1791
603199.SH	2799
603400.SH	303
603196.SH	2248
603486.SH	2025
603389.SH	2341
603488.SH	2261
603313.SH	2421
603367.SH	2181
603701.SH	2519
603377.SH	2541
603590.SH	1961
603565.SH	1454
603662.SH	1733
603667.SH	2341
603657.SH	1981
603599.SH	2761
603637.SH	2341
603556.SH	2401
603848.SH	2141
603903.SH	2317
603912.SH	2163
603788.SH	2827
603777.SH	2422
603825.SH	2136
605060.SH	1355
603803.SH	2291
603895.SH	2106
605077.SH	1359
603801.SH	2246
605066.SH	1489
605018.SH	1452
605088.SH	1483
603843.SH	2321
603661.SH	2141
603722.SH	2161
603999.SH	2621
603867.SH	1761
603983.SH	1742
603997.SH	2722
603885.SH	2745
603967.SH	1800
605168.SH	1538
605162.SH	1268
605167.SH	1255
603985.SH	2279
605003.SH	1467
605099.SH	1451
603881.SH	2341
603896.SH	2281
603931.SH	1482
603926.SH	2282
688028.SH	1735
688159.SH	1618
688053.SH	1024
688158.SH	1621
688162.SH	1185
688157.SH	1520
688117.SH	1291
688097.SH	1307
688056.SH	1471
688118.SH	1653
688092.SH	1341
688115.SH	1093
688119.SH	1049
688048.SH	1089
688160.SH	1426
688090.SH	1607
688067.SH	1283
688088.SH	1744
688110.SH	1160
688052.SH	1076
688084.SH	922
688068.SH	1694
688101.SH	1666
688150.SH	1099
688082.SH	1179
688136.SH	1404
688063.SH	1392
688086.SH	781
688070.SH	1363
688132.SH	965
688113.SH	1311
688133.SH	1435
688279.SH	1078
688135.SH	1427
688098.SH	1680
688125.SH	1081
688147.SH	911
688121.SH	1182
688198.SH	1650
688278.SH	1622
688281.SH	1108
688273.SH	1001
688114.SH	980
688229.SH	1483
688122.SH	1744
688148.SH	1246
688129.SH	1440
688161.SH	1273
688131.SH	1278
688091.SH	1222
688128.SH	1674
688230.SH	1170
688231.SH	1015
688234.SH	1141
688141.SH	911
688107.SH	1183
688099.SH	1731
688089.SH	1631
688153.SH	1084
688112.SH	1170
688093.SH	1451
688106.SH	1525
688103.SH	1221
688108.SH	1678
688166.SH	1671
688260.SH	1327
688251.SH	1049
688105.SH	1182
688171.SH	1130
688200.SH	1606
688188.SH	1731
688209.SH	1069
688181.SH	1631
688266.SH	1618
688269.SH	1287
688265.SH	1151
688168.SH	1710
688212.SH	1182
688256.SH	1503
688259.SH	1141
688176.SH	1144
688249.SH	826
688201.SH	1315
688271.SH	994
688255.SH	1197
688221.SH	1437
688220.SH	1139
688175.SH	1084
688184.SH	974
688185.SH	1485
688252.SH	969
688187.SH	1224
688246.SH	1161
